train_seed,test_config_index,raw_dataset_index,topology_clean,volume_a3,density_g_cm3,assigned_oh_min_a,assigned_oh_mean_a,assigned_oh_max_a,intermolecular_oh_min_a,n_h_closer_to_other_o,largest_reassignment_margin_a
0,0,1298,1,2230.8236356225384,0.8582322907623878,0.8423036139741715,0.9924996104993858,1.1666687825142428,1.5768932550478698,0,0.0
0,1,1175,1,2072.434685576266,0.9238239894420803,0.7854988356380973,0.9930341532999154,1.1617786133372585,1.5793838175419512,0,0.0
0,2,92,0,2246.3413062897257,0.8523036431402713,0.8159016944966875,0.9913821093007684,2.8693890664840462,0.9732274024951387,2,1.8961616639889076
0,3,448,0,1696.7197797575557,1.1283919135785532,0.889284263092818,1.1157714253322688,7.462458663392782,0.9209694349144594,7,5.429874293922293
0,4,1428,1,2137.142850130535,0.8958525533144729,0.8347536457285244,0.9907997177807406,1.1938282467187873,1.4091669415223067,0,0.0
0,5,299,0,2348.8121508929285,0.8151204762625931,0.8285649061724533,1.1239107593807884,9.722289534926112,1.2481392014584354,3,8.474150333467676
0,6,1559,1,2080.9620602792384,0.9200383397813122,0.8348480029607092,0.9876256437037285,1.269949354542483,1.4507056097982176,0,0.0
0,7,1575,1,2167.9173645349224,0.8831355430828131,0.818312312103849,0.9981630888638224,1.2145752394884561,1.4331847509578157,0,0.0
0,8,872,0,1782.2893850144583,1.074216620030915,0.788600758793343,1.0575378468535883,2.072277237714941,1.2435055882892676,4,0.8287716494256736
0,9,1510,1,2191.022441064146,0.8738225785388738,0.83830812684953,0.9904441123602559,1.1678783054152864,1.4549090794910118,0,0.0
0,10,349,0,2220.586013639686,0.8621890200727295,0.9276243009189091,0.9860322324046535,2.0924764875939137,1.0024886283843049,2,1.0899878592096088
0,11,761,0,2168.6142489624517,0.8828517473788668,0.7810157290897961,0.9698364937997175,1.8434701213344722,1.5833060425426013,0,0.0
0,12,451,0,1866.4056194076677,1.0258032118949716,0.9124702485537038,1.0210221227562954,4.082103337085708,0.9713090764804638,6,2.585599285467416
0,13,1476,1,2195.712173404481,0.8719562164282448,0.7917430527795378,0.997915782182113,1.2448040439156411,1.4361426127350396,0,0.0
0,14,239,0,2741.8797501265985,0.6982672668262749,0.769076026758641,1.0072850052168199,2.977337976919319,1.3847631304835073,3,1.4836973395132156
0,15,555,0,2125.6399674100753,0.9007004518361386,0.823358002520555,0.9777885213962197,1.535564072875665,1.1759481006318258,1,0.35961597224383923
0,16,33,0,2119.546651200785,0.9032898039788615,0.7912127758004942,1.018380014853738,2.6718328404523333,0.8539420194475238,2,1.805801799354816
0,17,497,0,1992.480055593747,0.960895379460489,0.8145820310626963,1.0284564367878177,2.0681567796161398,1.0137163638259687,4,1.054440415790171
0,18,389,0,2506.737565247924,0.7637675780782632,0.8833419112854708,0.9847532023323716,4.118360533658983,1.2284095951535074,1,2.8899509385054754
0,19,686,0,2333.2055092457254,0.8205727577362641,0.7673039648014858,0.9966149204920453,3.3470015934093453,1.286771690727067,3,1.6509476108457106
0,20,1290,1,2151.9459374076073,0.8896900455564584,0.8122317500788128,0.9958744223549133,1.2154043846313747,1.358034567825843,0,0.0
0,21,1202,1,2229.2848432706523,0.8588246965687402,0.8726317736676938,1.0057557981068295,1.2924240724838827,1.4438516572267879,0,0.0
0,22,996,0,1901.1798378354215,1.0070403867037783,0.8010476871078528,1.049761191908881,1.8986307178868969,1.117230859941328,4,0.5684307911289701
0,23,236,0,2560.7721799466563,0.7476513897175703,0.9194151420270466,1.0128222966434408,7.302986627826777,1.005085779928253,1,6.297900847898524
0,24,1491,1,2095.2420488637567,0.9137678771411981,0.7852217994525547,0.983763825212113,1.2052638357656946,1.461148412933464,0,0.0
0,25,664,0,2573.233873880603,0.7440306528375992,0.8782181131900052,0.9768168354634805,1.4697161417167237,1.683886503486017,0,0.0
0,26,168,0,1926.2939506916284,0.9939110686610382,0.8054049201894093,0.9921667468713722,2.206270431211544,0.9691503386632767,1,1.2371200925482675
0,27,731,0,2135.7973855215564,0.8964169036191967,0.8621944375951371,0.9769581637690457,1.727172387136655,1.6601275679392045,0,0.0
0,28,1434,1,2200.438601940466,0.870083299483495,0.8106027500790108,0.9841726235146071,1.1742872430827809,1.5188356767162245,0,0.0
0,29,1313,1,2233.7630294622118,0.8571029486275227,0.8143953269696839,0.9904423697365652,1.146587750149386,1.5344447631208455,0,0.0
0,30,1352,0,2144.291572647627,0.8928659252823687,0.8030811548991016,0.9928882094303142,1.2215120891990026,1.2770310487131495,0,0.0
0,31,1008,1,2172.8034915326425,0.8811495777451656,0.8077031160896863,0.9867737160694061,1.1600166326589476,1.5083997210195934,0,0.0
0,32,922,1,1703.0536509798887,1.1241952818019698,0.7636333591141283,0.9816371417298151,1.189266143117197,1.3441867439774287,0,0.0
0,33,563,0,2061.2807698310567,0.9288229469312557,0.821066462557551,1.0132699321202063,3.2002695424306986,1.0222922832501216,3,2.177977259180577
0,34,1187,1,2119.7742024586973,0.9031928385893797,0.8506277584669485,0.991235878279882,1.1422852437296507,1.4405604071930755,0,0.0
0,35,858,1,1933.6417595951132,0.990134221908872,0.7629805711134182,0.9673354236815828,1.1895983180209457,1.3004702135114288,0,0.0
0,36,1207,1,2187.580158716801,0.8751975882841533,0.8533379250795501,0.9862028402219343,1.1659423054735154,1.4751358508595531,0,0.0
0,37,1391,1,2156.7464363460745,0.8877097682056843,0.8523758454638917,0.9966340351910042,1.2266740957292372,1.3974632820356618,0,0.0
0,38,440,0,1763.6686066621346,1.0855581779111307,0.79409091244456,1.0522838030126538,4.650123825411577,1.0176470733457383,4,3.106879373916503
0,39,482,0,1769.58226664089,1.0819304166748533,0.9444775634524919,1.146408810248332,6.246760869776171,0.9660485506055334,12,3.6869324601090434
0,40,1068,1,2087.1190733249773,0.9173242214863799,0.815329847325332,0.9883358411906573,1.2182441563078104,1.4181720257828196,0,0.0
0,41,564,1,2014.890644493607,0.9502078360031238,0.768340145774267,0.9854132363709451,1.2552468166943886,1.522562944147308,0,0.0
0,42,1074,1,2173.677128952281,0.8807954289007199,0.7987467011041759,0.9893292252740898,1.1974355300425805,1.5161598469444462,0,0.0
0,43,1570,1,2047.842130774243,0.9349182001462952,0.8107518902457022,0.9881223037626174,1.15046498622423,1.4784072465025138,0,0.0
0,44,801,0,2716.4138253746073,0.7048134055285855,0.8407221815846565,0.9468608764922887,1.3940524310437297,1.6951344556634844,0,0.0
0,45,1399,1,2056.7637096498584,0.9308628259554148,0.835682913172361,0.9848181853346466,1.1546451808051397,1.4985047321883584,0,0.0
0,46,1107,1,2235.0930866154295,0.8565929045874365,0.7537132549524077,0.9860392766520566,1.1952711358743253,1.5515110560592391,0,0.0
0,47,1432,1,2184.7777713382593,0.8763201933872047,0.8325098839671318,0.9851444705722916,1.2050323216837657,1.5428500320861864,0,0.0
0,48,1521,1,2167.9173645349224,0.8831355430828131,0.8301273171668465,0.9905144585586675,1.1442410238229335,1.5352322199634574,0,0.0
0,49,79,0,2031.780996294712,0.9423086851283354,0.9436069537530081,1.0038860847114308,2.548905084317465,0.9675710528356396,4,1.5813340314818254
0,50,306,0,2388.4390914630203,0.8015966938116297,0.9332312310838486,0.9718969197928108,1.4305061996923043,1.1109974459360676,2,0.2965033730076372
0,51,266,0,2392.381136583271,0.8002758631601381,0.9314466319501314,1.0457564585559558,6.289614578793014,0.9764394018513768,4,5.245208215325458
0,52,1390,1,2168.3721917105277,0.8829503008784201,0.8431791935429455,0.9847709253810638,1.1714289274136287,1.4600961172308622,0,0.0
0,53,183,0,2255.3064908661286,0.8489156071873583,0.9137983904545175,1.0307428871503908,1.4449242639671178,1.3775162901596476,1,0.06205686029765434
0,54,141,0,1918.5035701362929,0.9979469983218203,0.7716644211951063,0.9910162959122135,2.4812306753300675,1.1823132472534887,3,0.6811523889635231
0,55,975,1,1716.0113986744227,1.1157063878282887,0.81163364392113,0.9906082475709476,1.2520593161684486,1.4382414440369888,0,0.0
0,56,532,0,2208.3763301969325,0.8669558955635418,0.8201379950804241,1.0157511781714028,2.425803902338676,1.1349244670581378,3,1.279567343332024
0,57,1344,1,2080.9620602792384,0.9200383397813122,0.7941947620238425,0.9882221929106342,1.1938429754111115,1.5004677720060489,0,0.0
0,58,1254,1,2342.50919252498,0.8173137101005392,0.8009540131764213,0.9931107977591085,1.1723498846211944,1.5155784036324413,0,0.0
0,59,67,0,2164.762644879674,0.8844225410188693,0.7958029022812327,0.9995396933804616,2.6636549563690926,1.4581161386291757,1,0.31896585666459254
0,60,382,0,2358.5115735626705,0.8117682781582227,0.8170464352002491,0.9731754212343735,2.869244320197107,1.5234804446046288,1,1.1982314543082022
0,61,387,0,2271.255703944193,0.842954351534455,0.7692253740545185,1.015684891624709,2.5854485975634955,1.083676244043583,3,1.5017723535199126
0,62,376,0,2501.799186918766,0.7652752023815315,0.9348988568100155,0.9727119971803727,2.2558435453418935,0.9686382732619379,1,1.2872052720799556
0,63,594,0,1812.6789952837148,1.0562073505946636,0.8010182946622273,1.006207810563226,2.7240803680867565,0.7855878232419679,2,1.9384925448447885
0,64,495,0,2117.121551649837,0.9043244954902195,0.8062889464091578,1.0246662425906263,2.795376821499939,1.504308758193323,1,1.1842944478465844
0,65,1178,1,2130.3330681525326,0.8987162184679217,0.7928140064827502,0.984489611050249,1.166032295564448,1.4314115902103723,0,0.0
0,66,649,0,2494.725320221275,0.7674451626271196,0.866257406910938,0.9457099367431814,1.3897721552777669,1.7444588019180647,0,0.0
0,67,1592,1,2167.8641697263074,0.8831572133640287,0.8148811574001426,0.9846070051573741,1.2334282266322651,1.5956894837004938,0,0.0
0,68,1221,1,2161.7114331163066,0.8856708854646651,0.8652134965584626,0.9937902621296264,1.1546968649619636,1.5221655587131107,0,0.0
0,69,187,1,2282.085727144089,0.8389539693073612,0.9545041338830197,0.967398549081902,0.9939200289311079,1.596980890514439,0,0.0
0,70,911,1,1585.6744210170377,1.2074136113384641,0.8145798915807706,0.992254444162181,1.1978093975852468,1.3119337617053428,0,0.0
0,71,589,0,1816.8287885757914,1.0537948821187677,0.8021590853622902,0.987492724878722,1.4964026557845573,1.5486403194264535,0,0.0
0,72,1203,1,2223.4896030000864,0.8610631129122195,0.8317677987517161,0.9754365416622203,1.182320583252402,1.5127136341623557,0,0.0
0,73,1120,1,2072.434685576266,0.9238239894420803,0.7750785617587094,0.9922638865383632,1.147258803611833,1.6076611841008877,0,0.0
0,74,1235,1,2202.9235132966005,0.8691018401370314,0.8118606644344679,0.9940016420399655,1.161148614803473,1.449730599392713,0,0.0
0,75,416,0,1766.7475486170665,1.0836663566256808,0.91129946717599,1.074504846652128,3.667891348483137,0.7957960164698973,10,2.7250049226604016
0,76,1106,1,2237.042163262673,0.8558465774712364,0.8048322235291945,0.9832504657592858,1.1725367699266773,1.5103838426114282,0,0.0
0,77,681,0,2392.381136583271,0.8002758631601381,0.8270363629464416,1.012117789276962,2.948786586563996,1.4282475797617302,4,0.6217243531010124
0,78,1121,1,2056.830803647112,0.9308324611301809,0.8210175370791957,0.9895622382277081,1.2055849858539711,1.5000743915024213,0,0.0
0,79,255,0,2536.7342510380213,0.7547360856990745,0.9463318989530951,1.0010419805457267,4.274670385627553,1.0362404081406917,3,3.2384299774868617
0,80,1447,1,2138.940056539189,0.8950998291111445,0.8372005806584002,0.9942550808043191,1.1696736097727296,1.5291300907928438,0,0.0
0,81,596,0,1837.1852074472765,1.0421186015031385,0.7567496962018789,0.9755752473372119,1.9496853202587765,0.8727507497494914,1,1.0769345705092852
0,82,1128,1,2173.677128952281,0.8807954289007199,0.835891592609031,0.9918094610482762,1.1891714841967362,1.4742562233323735,0,0.0
0,83,617,1,2082.147707420971,0.9195144380312306,0.7672211748057841,0.9770228511376741,1.229077238114914,1.4495173671806103,0,0.0
0,84,223,0,2435.6330073620484,0.7860645972936662,0.9298817156680615,1.0261905816098542,3.3022212710869643,1.1079547550036153,3,2.077721616186678
0,85,1002,1,2137.628020347759,0.8956492246839745,0.8482002603692085,0.9917951509696901,1.1734580313250815,1.4844254331590765,0,0.0
0,86,1040,1,2223.4896030000864,0.8610631129122195,0.824019260190653,1.0015126099078935,1.1882785392737014,1.568621965833013,0,0.0
0,87,655,0,2674.135187706521,0.7159566531597983,0.8651706188085313,0.9725728039157239,1.5041914270714243,1.59594845011268,0,0.0
0,88,164,1,1812.1435461265671,1.0565194369836577,0.8926129623294983,0.9675587437438258,1.0761296972309777,1.3805138817876403,0,0.0
0,89,186,0,2282.085727144089,0.8389539693073612,0.9153459866117301,1.0216992157013105,1.5979687734572563,1.4171607009765514,0,0.0
0,90,917,0,1882.9121897598588,1.0168104967929426,0.8001668193706213,1.0340690415649427,2.510001351569012,1.0962791821755522,3,1.3567134309152196
0,91,1112,1,2161.7114331163066,0.8856708854646651,0.8503369621858171,0.9807459644060067,1.1783713555773687,1.5249787467100635,0,0.0
0,92,291,0,2247.338116906744,0.8519256024200015,0.8922773135250825,0.9886769318596709,2.2164163141725943,0.9790249928688126,2,1.2373913213037817
0,93,488,0,1727.0229503196983,1.1085926094570973,0.9139736167307251,1.0228259818577845,5.56408029587431,0.933355236797468,3,4.592187894754894
0,94,454,0,1834.1458288494157,1.0438455050699222,0.7872782439185013,1.0420386922642153,4.022279599014156,1.0795982536819309,6,1.939931643433808
0,95,1162,1,2235.0930866154295,0.8565929045874365,0.7537132549524077,0.9860392766520566,1.1952711358743253,1.5515110560592391,0,0.0
0,96,391,0,2463.5085078721836,0.7771699886439136,0.9132691940781438,0.9811504265766915,2.640557530132206,0.9816144153857619,1,1.6589431147464442
0,97,128,0,2201.311400424631,0.8697383199477783,0.9121330942505953,0.9683166057348513,1.380846650767858,1.2189481251148104,1,0.16189852565304763
0,98,1441,1,2177.456625248296,0.879266597959852,0.8421210364321481,0.9954659310883118,1.2495999398681679,1.5195406215245522,0,0.0
0,99,666,0,2499.7687396101114,0.765896800271942,0.7691878920595235,0.9846876358507348,2.3262985814935266,1.4707529796508279,2,0.8555456018426988
0,100,1495,1,2120.5580098448027,0.9028589975840042,0.8380736999800977,0.991922167050906,1.1600660681303867,1.5057940095928324,0,0.0
0,101,499,1,2196.1389760690245,0.8717867584656149,0.7882145018147294,0.9798770857331807,1.251385325738436,1.4394220861219515,0,0.0
0,102,682,0,2450.3159206147516,0.7813542992476132,0.8222248995461178,0.9673248662494316,1.3083826310372244,1.586769104591944,0,0.0
0,103,1010,1,2164.9010127618667,0.884366013873636,0.8249045956648026,0.9888226678852978,1.2230096222910953,1.4602766889140146,0,0.0
0,104,1253,1,2204.37261623374,0.868530512939469,0.8356345245125427,0.9819802762692991,1.164593767278429,1.4903594293149467,0,0.0
0,105,2,1,1914.5695084056845,0.9999975820577656,0.8475493709930384,1.0159170638887407,1.2579335032383399,1.4479154634301907,0,0.0
0,106,1280,1,2164.9010127618667,0.884366013873636,0.8342795903600585,0.9846130861051452,1.1878134210252944,1.4630659795565562,0,0.0
0,107,1368,1,2195.712173404481,0.8719562164282448,0.8312940125132098,0.9898910263121501,1.2192318644826061,1.4606698074950755,0,0.0
0,108,1454,1,2070.192977133802,0.924824352238862,0.8356517519490138,0.9954267525567435,1.1912040092298224,1.4870239332946258,0,0.0
0,109,816,0,2739.04082089944,0.6989909987754432,0.8577581679816639,0.9448690900657545,1.7239050312519364,1.2742743860879857,1,0.4496306451639507
0,110,1473,1,2241.6909703978945,0.8540717272672865,0.7809004787326119,0.9977598253980268,1.2183152124699703,1.4590731591979296,0,0.0
0,111,191,1,2051.3357876972855,0.933325928680059,0.9116455563116325,1.0119635288716,1.248292554760561,1.5318199255330298,0,0.0
0,112,28,0,2194.4654337571055,0.8724516001189941,0.8928230446668257,0.986363355431396,2.5507005180840556,0.962675035152542,2,1.5880254829315135
0,113,1123,1,2130.3330681525326,0.8987162184679217,0.8379781645375421,0.994225813743671,1.1726437050806104,1.369268209393763,0,0.0
0,114,127,0,2201.311400424631,0.8697383199477783,0.8301106466094976,1.0188409613675742,2.0571094639421243,1.095265886950273,1,0.9618435769918514
0,115,533,0,2009.5339439767424,0.9527407510710691,0.7760549070247287,1.025541209021096,2.609269691576479,1.2221493135525248,3,1.3467415208479236
0,116,1067,1,2056.830803647112,0.9308324611301809,0.854599842737089,0.9939726238462356,1.2246538643243166,1.5108996453450996,0,0.0
0,117,906,0,1634.6904497761327,1.171209435614801,0.7829350355633871,1.0880330231086561,4.718308617127353,1.006163175423082,7,3.6309056592498505
0,118,1583,1,2195.712173404481,0.8719562164282448,0.7919026683883498,1.002356727018225,1.2131944156061725,1.4639692516151703,0,0.0
0,119,1131,1,2056.356087140899,0.9310473468382452,0.7873352761933207,0.9852732690586408,1.1953930746896004,1.4959005914651544,0,0.0
0,120,418,0,1722.0232005018622,1.1118113150445554,0.9263468667962095,1.0094223217746787,3.283224786591817,0.9563902514251494,3,2.3268345351666677
0,121,1311,1,2223.4896030000864,0.8610631129122195,0.8372891092541371,0.9937454054362778,1.2301319974196883,1.3852180233408569,0,0.0
0,122,1251,1,2252.634347062995,0.8499226168612036,0.7883343725856182,0.9881030829405484,1.1499030088636122,1.4787915087334518,0,0.0
0,123,647,0,2587.752262659093,0.739856325009977,0.8649947290394353,0.9744968524424671,1.3863077394474446,1.7332946696202653,0,0.0
0,124,889,1,1664.4535739299017,1.15026631506866,0.7905412532853513,0.9962208860096247,1.2441811085046481,1.3637902575539773,0,0.0
0,125,724,0,2170.1441797542125,0.8822293453811213,0.7900826068618905,1.0429197991928412,4.499289019196597,0.8810159143212773,4,2.317175547178717
0,126,206,0,2078.7738540641385,0.9210068114644169,0.7640114976270023,0.9997115050199556,1.664071984815959,1.3911444062814613,1,0.2729275785344978
0,127,1146,1,2252.7956093010575,0.8498617767109435,0.8311397184173351,0.9944709397080609,1.2182891503338091,1.4900452476658241,0,0.0
0,128,966,0,1839.6608783535623,1.0407162002600632,0.7821957890735671,1.090032900617429,5.405784468405474,0.8970428000072613,6,3.516220637167094
0,129,676,0,2410.3450311303923,0.7943115422729856,0.8773449503146227,0.9797412425339482,1.3225991675763709,1.5395011503180525,0,0.0
0,130,1400,1,2070.192977133802,0.924824352238862,0.8374138788071419,0.9936983414175827,1.12976506746249,1.4351832561680717,0,0.0
0,131,151,0,2195.2752775693757,0.8721297500361911,0.88021646478656,0.9692202770198184,1.5536471027587135,1.116898363077435,1,0.4367487396812786
0,132,1494,1,2177.456625248296,0.879266597959852,0.8202794807581869,1.0000967668798075,1.208735315761354,1.5724315501890256,0,0.0
0,133,202,0,2043.5953616255993,0.9368610415930132,0.9159180098490649,0.9738775046389565,1.5464116738472988,1.259503512493736,1,0.2869081613535629
0,134,635,0,2532.224785174727,0.7560801435545154,0.8577337646792291,0.9713566026692544,1.3607614295617043,1.7497856639919545,0,0.0
0,135,300,0,2348.980498962384,0.8150620577450222,0.8664548785958727,1.0068575007550948,4.0958160879107695,0.8487756059004592,2,3.24704048201031
0,136,1232,1,2130.3330681525326,0.8987162184679217,0.8278778919519858,0.9929055608597789,1.1500699351690284,1.498203656893473,0,0.0
0,137,1444,1,2168.3721917105277,0.8829503008784201,0.8018227388968466,0.9940093394210863,1.2266090735661692,1.5004695678733573,0,0.0
0,138,1090,1,2204.37261623374,0.868530512939469,0.8739987722525618,0.9972493378520116,1.1935258313905988,1.4818152566333342,0,0.0
0,139,513,0,1945.2133554751158,0.9842441569190128,0.8193109703062953,1.0213373697035542,3.3190367918004804,0.9396637138223672,4,2.3020877525784753
0,140,1266,1,2178.1392070977954,0.8789910547720323,0.8580202926873319,0.9916969914236601,1.155894749394888,1.509181103284744,0,0.0
0,141,194,0,2102.4139885978716,0.9106507516933231,0.8824506974516291,1.017861175790454,1.4214612011165817,1.4507681902699503,0,0.0
0,142,1547,1,2187.3444057052384,0.8752919174929474,0.8037844577749262,1.0029600774868084,1.2572915268868021,1.4378083751538433,0,0.0
0,143,286,0,2512.322153273791,0.7620698152075569,0.9300051251894026,0.9801618585318925,2.391111430940308,1.032120965280927,1,1.358990465659381
0,144,577,0,1888.0948597027161,1.0140194330006602,0.7785973940993626,1.0245880182345777,2.2633659290548196,1.01084821016726,6,1.0022166513462867
0,145,285,0,2440.1390966621298,0.7846130090313892,0.8606071052448083,1.0595912705045638,4.103683410619966,1.2262794533210304,4,2.593352846172518
0,146,1033,1,2221.7593242997464,0.8617336982216297,0.8425897439748793,0.9948852431977012,1.1719848193948799,1.5582478929075074,0,0.0
0,147,447,0,1717.156185195636,1.1149625733486104,0.8932303281786722,1.0345451020743468,2.345760668640707,0.9634913723818498,10,1.3822692962588574
0,148,1194,1,2284.5270064810406,0.8380574506914232,0.8154360504974559,0.9783463254422627,1.1546219748811446,1.622064075853063,0,0.0
0,149,733,1,2595.180199581993,0.7377387047710944,0.8696723158526539,0.9449369958728963,1.2529579516467144,1.7708513862388764,0,0.0
0,150,976,1,1796.9074494440536,1.0654777349159292,0.7692071078840227,0.977213270508233,1.2082721890375117,1.3931600252328025,0,0.0
0,151,621,0,2454.325740249301,0.7800777409818207,0.7849011855893946,0.9808302547462511,2.5740578303669213,1.0470321609958235,2,1.1728857823551142
0,152,829,0,1839.3602101043948,1.0408863193678342,0.8382193115401442,1.0943130618405235,4.685502355141547,0.952587687742645,4,3.5792315739036598
0,153,995,0,1675.6848071267127,1.1425566854485618,0.8348867895705124,1.0882005156627064,7.310010232607442,1.0968293329921173,7,5.559041563992238
0,154,1047,1,2171.719450718879,0.8815894145320903,0.8452836507627187,0.992344300858874,1.2143803485501232,1.4516885122126844,0,0.0
0,155,530,0,2323.7282239851584,0.8239194494973082,0.8450583579559667,1.0091496639119761,2.184094113255809,1.38208634194753,1,0.8020077713082792
0,156,82,0,2009.5339439767424,0.9527407510710691,0.7876693794374402,1.0106247605044838,2.9911218757914635,1.086913869363643,3,1.9042080064278204
0,157,861,0,1824.4693449272215,1.0493817747119132,0.8189425195807798,1.0353704658846317,1.8002124910654829,1.2957388543372563,1,0.22521640848595692
0,158,1552,1,2156.7464363460745,0.8877097682056843,0.8268735116291898,0.9800723965110598,1.1629037852500972,1.5659792775661103,0,0.0
0,159,788,0,2316.9532155793972,0.8263286743182844,0.7791893845996234,0.9496109169778717,1.4388709690258257,1.5603988678841123,0,0.0
1,0,57,0,2346.537460491363,0.8159106391109141,0.9310057410759125,0.9984122460867277,2.440777743281686,1.0085649073261669,3,1.4252077069335596
1,1,1228,1,2035.7315075590202,0.9404800544561509,0.8085619403127254,0.9991094972788082,1.2465079737570968,1.4716435535130028,0,0.0
1,2,938,0,1763.6686066621346,1.0855581779111307,0.8265405604816719,1.0365046293146192,2.3572036558634912,1.1163745569497794,3,1.2222230609834623
1,3,678,0,2458.5692381102776,0.7787313244669064,0.7616083009182285,1.055297071481244,7.01175954572035,1.0619407312745708,4,5.4583962042565135
1,4,1254,1,2342.50919252498,0.8173137101005392,0.8009540131764213,0.9931107977591085,1.1723498846211944,1.5155784036324413,0,0.0
1,5,1276,1,2062.7597990623976,0.9281569671647913,0.8096400759874345,0.9872886486247723,1.1812109796290855,1.4258008628026169,0,0.0
1,6,1106,1,2237.042163262673,0.8558465774712364,0.8048322235291945,0.9832504657592858,1.1725367699266773,1.5103838426114282,0,0.0
1,7,1102,1,2137.398718423918,0.8957453106825933,0.813603508627888,0.986895642647039,1.1882092658484071,1.5616306794018606,0,0.0
1,8,3,1,1914.5695084056845,0.9999975820577656,0.7812146994889888,1.0020696953405355,1.1583136083487695,1.51205734738868,0,0.0
1,9,708,0,2140.972563498876,0.8942500766839998,0.792898244625461,0.9813421955358458,1.7247021445289963,1.5991253805172716,0,0.0
1,10,1508,1,2041.3003783569468,0.9379143311717076,0.7981561860549871,0.9914555213553953,1.146598405043463,1.5022381339566002,0,0.0
1,11,730,0,2163.235244718617,0.8850470071442677,0.8171967759265765,1.0043007557753216,1.8814172572947974,1.0961563431133594,2,0.785260914181438
1,12,993,0,2028.62500322271,0.9437746631564224,0.8499189697551416,1.0685123092666844,4.729410478379687,0.8074393899636524,4,3.5091090350475707
1,13,846,0,1847.6737018547956,1.0362029167624485,0.8287396117505497,1.053678688752245,3.255253237310759,0.921114119059617,5,2.114444942054702
1,14,1033,1,2221.7593242997464,0.8617336982216297,0.8425897439748793,0.9948852431977012,1.1719848193948799,1.5582478929075074,0,0.0
1,15,409,0,2326.286003560603,0.8230135401050365,0.7819557958089195,0.9772186464252971,2.4310742705418864,1.136848755683464,2,0.6682635775785011
1,16,1135,1,2230.8236356225384,0.8582322907623878,0.7888344090359435,0.9805417070398443,1.1819670172627303,1.5470673139319409,0,0.0
1,17,1167,1,2161.7114331163066,0.8856708854646651,0.8108105502177938,0.9897958621980478,1.2116361954131536,1.5096206386588442,0,0.0
1,18,746,0,2197.7166439928947,0.8711609316516599,0.7889431317674037,1.0318701351117094,3.200762683351318,0.8092781252186809,3,2.391484558132637
1,19,985,0,1878.440184819353,1.019231218837735,0.8283969911436307,1.0331581894239805,1.5659073631974307,1.1373359378636356,3,0.3849893819699206
1,20,114,0,1969.577607990082,0.9720687681055573,0.9312420068601761,0.9751828007438428,1.5935104173576897,1.110951886487551,1,0.4825585308701388
1,21,872,0,1782.2893850144583,1.074216620030915,0.788600758793343,1.0575378468535883,2.072277237714941,1.2435055882892676,4,0.8287716494256736
1,22,420,0,1742.3702180979076,1.0988278261420708,0.9167176741537383,1.0599323749460587,7.405347021095123,0.9588028394443153,7,6.446544181650808
1,23,1149,1,2253.401394744975,0.8496333070317849,0.8468798417773408,0.9821631479596511,1.161542898472597,1.4137292713920233,0,0.0
1,24,1062,1,2048.848550455318,0.9344589567939189,0.8162404712104387,0.9858836410016873,1.179060201979888,1.5774915782675336,0,0.0
1,25,264,0,2460.5215223310415,0.7781134453452757,0.9101165670779682,1.0388713662875855,5.606482605292127,0.9814964190524905,3,3.9325467347994714
1,26,1049,1,2178.1392070977954,0.8789910547720323,0.8209991270250273,0.9768117569535754,1.1946495458450994,1.45410016400191,0,0.0
1,27,785,0,2406.779406440986,0.7954883085518684,0.8500329159913077,0.9471071895124525,1.6092717616875474,1.5666069599916475,0,0.0
1,28,11,0,2122.4687591123347,0.9020462001466275,0.7786171017613509,1.0167111766960146,2.2015816317575356,0.8814321138777887,3,1.3201495178797469
1,29,1247,1,2174.881404173272,0.880307714900429,0.788619066673106,0.9918009034740503,1.2006404422409345,1.618071341108685,0,0.0
1,30,1473,1,2241.6909703978945,0.8540717272672865,0.7809004787326119,0.9977598253980268,1.2183152124699703,1.4590731591979296,0,0.0
1,31,1350,1,2100.1563397624705,0.911629692913123,0.7809921517189127,0.9903830493191813,1.1960273771379741,1.4250567337144437,0,0.0
1,32,551,1,2067.458351132487,0.9260476168907937,0.7801896478736625,0.9697278761544785,1.1585977939633558,1.5959783462516943,0,0.0
1,33,940,0,1617.1934805964695,1.183881150931341,0.7868650302000534,1.0683097751054287,2.9823876852155085,1.006725239797288,5,1.5944356161838906
1,34,723,0,2238.163497529772,0.8554177928468079,0.821711672618928,0.9923433242507601,2.4330042000212444,1.492048982806452,2,0.32450849004061877
1,35,1183,1,2173.677128952281,0.8807954289007199,0.8202910124509081,0.9930958435255516,1.1983941329813652,1.4768699149963267,0,0.0
1,36,704,0,2352.541958263424,0.8138281539941093,0.7752817956488062,1.027092770099392,3.1523835801681783,1.1607475932426914,4,1.8842664288890194
1,37,1052,1,2237.042163262673,0.8558465774712364,0.8730228730112918,0.9929522333622653,1.253372955539507,1.5114569723567843,0,0.0
1,38,828,1,1773.7960064707925,1.0793602376501545,0.7786262926442192,0.9778434170935717,1.1770540082954914,1.4092416189331562,0,0.0
1,39,475,0,1796.9074494440536,1.0654777349159292,0.9245844739959084,1.0106788597471308,3.9981252926174173,0.9515284799081978,3,3.0465968127092196
1,40,1122,1,2087.1190733249773,0.9173242214863799,0.843314583259202,0.9973651803769042,1.1962750469624035,1.4419357537532487,0,0.0
1,41,1105,1,2211.8831291844594,0.8655813925363798,0.8363950641979649,0.9877537527132868,1.2337408207972211,1.5277778257115961,0,0.0
1,42,408,0,2739.04082089944,0.6989909987754432,0.9333480703813761,0.9885485465360182,3.39703922542191,1.364090334887959,1,1.5063484769864095
1,43,25,0,2196.1389760690245,0.8717867584656149,0.77079967227273,0.9859186635044603,1.7944789662980083,1.1505915912302078,1,0.6438873750678005
1,44,464,0,1667.778065132097,1.1479734139179756,0.9336052517678172,1.0653669383032,7.773220791988953,0.9629004653411147,5,5.908319150053732
1,45,1028,1,2151.2840961293236,0.8899637581721407,0.8095867195042075,1.0006387671364243,1.183579772307176,1.3802461472534082,0,0.0
1,46,345,0,2116.161272932814,0.9047348628745061,0.9459596086237549,0.9982169344896253,4.901326566385536,0.9842765414575675,1,3.9170500249279683
1,47,348,0,2092.212539333231,0.9150910068139463,0.8949466046016509,0.9866304458564278,3.0231952513208697,0.9569250796218978,2,2.0662701716989718
1,48,1325,1,2121.8630525852404,0.9023036980424055,0.8136404930951917,0.988060614346929,1.1732293216323544,1.5344169846553095,0,0.0
1,49,806,0,2536.264919445056,0.7548757483528666,0.7711192620412021,0.9886076405915347,3.2487254687331566,1.1242951913810668,1,2.12443027735209
1,50,1184,1,2023.912250503832,0.9459722765206833,0.7953107953048031,0.9936236219597533,1.2122625045574333,1.4569103224060391,0,0.0
1,51,1214,1,2211.8831291844594,0.8655813925363798,0.829097550606735,0.9990205295085579,1.1797838554747742,1.4371187536955332,0,0.0
1,52,1259,1,2233.7630294622118,0.8571029486275227,0.8113838209058383,0.9866794373932953,1.1249811962417005,1.603192800267652,0,0.0
1,53,1440,1,2187.3444057052384,0.8752919174929474,0.833235968009773,0.9900518787551207,1.1897671419005749,1.4859199500597302,0,0.0
1,54,631,0,2557.5315625019534,0.7485987297901616,0.7762469730694082,1.0125927883930945,2.621709526801368,1.0364099832146338,4,1.4372263196170187
1,55,89,0,2130.157337179044,0.898790359599755,0.9264968349147154,0.9694017253348013,1.8236038900238085,1.036372947151677,1,0.7872309428721316
1,56,961,1,1553.6858436538478,1.2322728477622427,0.8275214454864706,0.9839636973988977,1.2034597629375576,1.3900490255471905,0,0.0
1,57,60,1,2128.0710930798555,0.899671484337655,0.9081542923667608,0.9742078460595329,1.029117807861893,1.6734389365418598,0,0.0
1,58,1002,1,2137.628020347759,0.8956492246839745,0.8482002603692085,0.9917951509696901,1.1734580313250815,1.4844254331590765,0,0.0
1,59,758,0,2221.388632324776,0.8618774991585049,0.7808521567300588,1.0034751248353893,3.184466400615861,0.9330627667617655,1,2.2514036338540953
1,60,1514,1,2117.2946779729414,0.9042505509531523,0.8429028316016343,0.9855966820549288,1.151372925706516,1.446433770036787,0,0.0
1,61,1066,1,2072.434685576266,0.9238239894420803,0.8306132637820257,0.9862989962954398,1.1789964836182916,1.5690303560978098,0,0.0
1,62,335,0,2193.2998211114214,0.8729152579409015,0.9020966629445887,1.0160984722655155,2.8540045292759566,0.9273754589816927,5,1.6846552010016351
1,63,221,0,2524.1584534159524,0.7584963125021815,0.7932109905036745,1.0755869756739926,4.414373426880373,0.9669041488782553,4,3.025050435419146
1,64,1041,1,2253.401394744975,0.8496333070317849,0.8163421056870106,0.9845366321698557,1.1862184591632945,1.5178665883440072,0,0.0
1,65,1359,1,2198.532124814214,0.8708378001294835,0.8106783560249734,0.994559321554642,1.1703993673902655,1.452939734587883,0,0.0
1,66,898,0,1767.2907464070358,1.083333278907043,0.767594240403778,1.0938382211786426,4.422458797860556,1.0478950943419025,5,2.655779638587359
1,67,177,0,2158.5914098512335,0.8869510322100087,0.8711493136748941,1.018712394009963,1.91519607348457,1.3484013317504202,2,0.5052910644148063
1,68,767,1,2069.878374831468,0.9249649169570631,0.8437240022549138,0.9701195093929409,1.2517740001149453,1.5503797444502592,0,0.0
1,69,1381,1,2182.9843445418023,0.8770401326396444,0.7966090056455484,1.0002480686709108,1.2358340104718923,1.5515185463349837,0,0.0
1,70,1439,1,2146.6283450708684,0.8918939710655885,0.7956998085138579,0.9871955543219697,1.1558383549370603,1.4908778637596132,0,0.0
1,71,1123,1,2130.3330681525326,0.8987162184679217,0.8379781645375421,0.994225813743671,1.1726437050806104,1.369268209393763,0,0.0
1,72,751,1,2219.0840584757875,0.8627725803240901,0.8640078826779019,0.9621003706118191,1.2433566583218665,1.7604429949817608,0,0.0
1,73,354,0,2187.6148722473163,0.8751837004657016,0.8219882724429189,1.0817220034646375,4.318385169138903,1.0452291206671163,4,2.9587177989488183
1,74,1361,1,2153.1498064081698,0.8891926021074393,0.8463953593859999,0.9896866666020574,1.1412420317381509,1.5357193971238137,0,0.0
1,75,848,1,1857.218000943782,1.0308778388505202,0.7591307067538727,0.9697112142407789,1.2589277992131924,1.5001365434214615,0,0.0
1,76,827,0,1942.9013226600312,0.985415397456199,0.771488700456075,1.0638239304338848,2.6832076885575007,0.8969037652256318,4,1.5524151135779587
1,77,497,0,1992.480055593747,0.960895379460489,0.8145820310626963,1.0284564367878177,2.0681567796161398,1.0137163638259687,4,1.054440415790171
1,78,983,1,1856.5709557397067,1.0312371165606198,0.7595823650028176,0.9708485966964278,1.2145951888769284,1.4184115296145796,0,0.0
1,79,70,0,2128.021392130875,0.8996924965919056,0.9353556477886056,0.9692563675385302,1.2304499955543036,1.2619611093035807,0,0.0
1,80,1206,1,2253.9959764497016,0.8494091822217293,0.8597459999158844,0.9893225697474951,1.1871013954892733,1.5361168683894022,0,0.0
1,81,805,1,2536.264919445056,0.7548757483528666,0.8681526241963405,0.9546036386488705,1.2594782348465658,1.5630551775242887,0,0.0
1,82,1034,1,2252.634347062995,0.8499226168612036,0.8536179792530668,0.9903304062605326,1.1671548001701968,1.4612622197899132,0,0.0
1,83,1022,1,2085.8666165451887,0.9178750280103214,0.8156507367791312,0.9841441558117034,1.1676976457976624,1.5036410356626286,0,0.0
1,84,1203,1,2223.4896030000864,0.8610631129122195,0.8317677987517161,0.9754365416622203,1.182320583252402,1.5127136341623557,0,0.0
1,85,581,0,1818.706338004462,1.0527069923712513,0.7882811450883864,1.0098629649254018,1.8899701114139236,1.2377395225732308,3,0.6522305888406927
1,86,621,0,2454.325740249301,0.7800777409818207,0.7849011855893946,0.9808302547462511,2.5740578303669213,1.0470321609958235,2,1.1728857823551142
1,87,388,0,2578.5019503986355,0.7425105413595745,0.9172997998035224,1.0213978722739465,4.261725308709713,0.7987883346647889,4,3.274885248769826
1,88,1372,1,2307.534510015996,0.82970151509194,0.8556391057214728,0.987458693463013,1.1471501225315126,1.542318115116292,0,0.0
1,89,1039,1,2229.2848432706523,0.8588246965687402,0.8022669729759543,0.9837907087572222,1.1479537620231273,1.5381356359951055,0,0.0
1,90,1553,1,2148.6423755541236,0.8910579540224572,0.8486171568510743,0.9894945133559019,1.1885479707399367,1.541926000396909,0,0.0
1,91,1025,1,2129.0666950574305,0.8992507766580629,0.8043704625875546,0.9920929684998279,1.1862400571353244,1.3813458515828023,0,0.0
1,92,1456,1,2152.28453981232,0.889550077451265,0.7941017914716477,0.9959469617918485,1.1617393426698084,1.5057011334220831,0,0.0
1,93,1567,1,2144.291572647627,0.8928659252823687,0.8390200040992721,0.9932441879170604,1.1852255813590646,1.4580685196637508,0,0.0
1,94,681,0,2392.381136583271,0.8002758631601381,0.8270363629464416,1.012117789276962,2.948786586563996,1.4282475797617302,4,0.6217243531010124
1,95,1521,1,2167.9173645349224,0.8831355430828131,0.8301273171668465,0.9905144585586675,1.1442410238229335,1.5352322199634574,0,0.0
1,96,247,0,2476.9777650320893,0.7729439101615861,0.9239664131798009,1.0582224906394426,6.902878469915503,0.9722793602230526,3,5.930599109692451
1,97,607,1,1926.2939506916284,0.9939110686610382,0.7600448791459474,0.9925619902777738,1.2118262301171512,1.675294594100553,0,0.0
1,98,1482,1,2137.142850130535,0.8958525533144729,0.8220571961103822,0.9903053961066253,1.1978196067066211,1.3886624345244507,0,0.0
1,99,1288,1,2182.934273675238,0.877060249672018,0.8668458081828506,0.9946417366418114,1.1634762420405866,1.486131140745054,0,0.0
1,100,380,0,2471.965057418306,0.77451130360506,0.7895436577775697,1.0148418099908054,3.4334852723265175,0.9071406753463777,2,2.239125642671734
1,101,204,0,2125.4905075000447,0.9007637871500441,0.8252654167738517,1.0241123040687716,3.4317504769612572,0.7870491663516197,2,2.4283287853568947
1,102,1315,1,2187.580158716801,0.8751975882841533,0.8582184056648916,1.001219803034742,1.1677532547450427,1.6102367852333812,0,0.0
1,103,1139,1,2284.5270064810406,0.8380574506914232,0.8388672978598544,0.9823530126416642,1.1751440322921787,1.6055361490198796,0,0.0
1,104,852,1,1882.999878571636,1.016763145274081,0.77254656910377,0.9825378218929943,1.2866016269835572,1.4106629384297347,0,0.0
1,105,44,0,2079.0655883598884,0.9208775758717412,0.9474634394867165,1.0043880344084535,3.1537628375898157,0.9866838715587583,3,1.3696471270377628
1,106,593,0,1872.5101213469416,1.022459028264166,0.8347631930999109,1.0010012471666971,2.795647668777559,1.466830400375765,1,1.2747765262094333
1,107,941,1,1627.7017755034203,1.1762381216885183,0.7615539180178913,0.9736061555606125,1.2471454548808443,1.3315783154316765,0,0.0
1,108,448,0,1696.7197797575557,1.1283919135785532,0.889284263092818,1.1157714253322688,7.462458663392782,0.9209694349144594,7,5.429874293922293
1,109,1386,1,2187.3444057052384,0.8752919174929474,0.8153250234916228,0.9931657983846953,1.1528963284154565,1.5554501250336659,0,0.0
1,110,472,0,1716.0113986744227,1.1157063878282887,0.8956260702827867,1.0455607555953301,4.502791814522382,0.8130311390721622,3,3.01190132953648
1,111,707,0,2332.484863815955,0.8208262822143134,0.8789048058704975,0.9757777702099032,1.3206716243516756,1.5964748530337693,0,0.0
1,112,477,0,1686.161781694856,1.135457403833915,0.8112623426635426,1.0904192282323912,5.102476875542404,0.8603234124282801,4,3.562630267671091
1,113,1132,1,2119.7742024586973,0.9031928385893797,0.8328599623483643,0.995759115661168,1.1756075334991145,1.5259115719287901,0,0.0
1,114,1015,1,2087.1190733249773,0.9173242214863799,0.8028579001330503,0.9906735875712569,1.2313845179149419,1.4657465000263143,0,0.0
1,115,896,1,1748.3184090632567,1.0950893550980951,0.775217062008639,0.9634759741290163,1.2138916428543576,1.4124294491612985,0,0.0
1,116,454,0,1834.1458288494157,1.0438455050699222,0.7872782439185013,1.0420386922642153,4.022279599014156,1.0795982536819309,6,1.939931643433808
1,117,1080,1,2157.949706052981,0.8872147824932689,0.8426499690314105,0.9926334021748839,1.1400988429033585,1.4796675997441975,0,0.0
1,118,59,0,2227.4080944601674,0.8595483170995757,0.84860744591576,1.0646429119745784,4.870010165598696,1.0099198227551518,5,3.1144562617972533
1,119,1486,1,2121.8630525852404,0.9023036980424055,0.8097676584296526,0.9928832655272498,1.1864182562032837,1.4812079413531414,0,0.0
1,120,864,1,1891.8805448754326,1.011990362855214,0.776897636409238,0.9914438307368239,1.263557915358846,1.4305043626983602,0,0.0
1,121,443,0,1881.4794524397637,1.0175847929694597,0.9513039471806722,1.0800871749641237,6.420322392542576,0.957731171791073,5,3.4539845877682045
1,122,1405,1,2180.519745060568,0.8780314342138776,0.8218621057496696,0.989584862539876,1.2038761994739342,1.5878673251427602,0,0.0
1,123,780,0,2357.9514619486586,0.8119611069114097,0.788259226060846,0.996236667398434,2.1985656636766895,0.9905994500416961,3,0.9302372002193964
1,124,18,0,2036.9835848149487,0.9399019674776317,0.7999100039948969,1.0217312322821424,2.655433150885868,0.8199413362286119,3,1.357753044967341
1,125,1108,1,2059.6486798659253,0.9295589572158683,0.8028321012124849,0.9974427284353347,1.2121096962212101,1.5921529204334257,0,0.0
1,126,1330,1,2095.2420488637567,0.9137678771411981,0.8133369680633261,0.9899661837580065,1.163686003526873,1.5259466194595852,0,0.0
1,127,52,0,2063.9538278355844,0.9276200142010758,0.9396539539794401,1.0142556547084671,4.434168087494946,0.9557885643911896,3,3.478379523103756
1,128,45,0,2163.9071930982636,0.8847721774730791,0.8022156306021808,1.00902555893928,1.9460651505111528,1.4012466597025768,1,0.021474112150994484
1,129,62,0,2190.9206065602343,0.8738631940173744,0.7684758645501495,1.0076435646199586,1.6542723318327577,1.062484832386947,1,0.4085161838260507
1,130,650,0,2560.7721799466563,0.7476513897175703,0.8765466986402223,0.97753852461517,1.41659033745036,1.6247392631735562,0,0.0
1,131,209,0,2385.4594787904,0.8025979464794899,0.9050723588152323,1.0729559530891253,8.508533217388841,0.9979623672406694,5,6.201811239946937
1,132,1210,1,2171.719450718879,0.8815894145320903,0.8273062726260071,0.9955712517436347,1.1999419722517333,1.495158264000321,0,0.0
1,133,468,0,1782.5387957284026,1.0740663169156197,0.9319075779810766,1.0689467473128205,7.716428229544128,0.9494024282648851,3,6.737799838066019
1,134,1477,1,2235.1361188462224,0.8565764129280449,0.8659164498102626,0.9926172564357759,1.1567886273304848,1.5104834689004523,0,0.0
1,135,545,1,2112.967937297508,0.9061021917521113,0.7917378134312466,0.9853932327064026,1.2175169722854016,1.35325908308025,0,0.0
1,136,912,1,1675.0019587941383,1.1430224717262638,0.8086817461222194,0.996465246814377,1.2126841535670172,1.3558679940762501,0,0.0
1,137,1425,1,2130.8437375194285,0.8985008357844226,0.8215840341583285,0.9868236905087076,1.1764847888461694,1.4616092644813383,0,0.0
1,138,4,1,1914.5695084056845,0.9999975820577656,0.8663452338588251,1.020885576996633,1.2845637516300976,1.3308462345373975,0,0.0
1,139,1571,1,2157.385513175671,0.8874468041963304,0.8429704560460741,0.9966015145545299,1.132776853170063,1.4445540479441323,0,0.0
1,140,1561,1,2070.192977133802,0.924824352238862,0.8322678160055994,0.9908391358764614,1.1748387809259762,1.5069635560203545,0,0.0
1,141,1244,1,2230.8236356225384,0.8582322907623878,0.8193802324526409,0.9932655784371254,1.2033331579415771,1.4950840236661593,0,0.0
1,142,886,1,1779.9843841893382,1.075607682906254,0.7936271077084605,0.9865734788532919,1.213625878980367,1.3221495005836776,0,0.0
1,143,798,0,2337.919529451452,0.8189182112424653,0.77840153290396,1.0115475048575242,3.611621959639632,1.1314390696887788,4,2.1668412235801116
1,144,58,0,1961.9968416103388,0.9758246488897512,0.7883379993693116,1.0021909100317887,2.2675071872185213,1.1482906033309257,2,0.6164458715411278
1,145,999,0,1698.5454236141559,1.1271790865700893,0.7723517760838309,1.0280344949567968,1.8608109627235077,1.0187179720647712,4,0.8083623154305193
1,146,192,1,2051.3357876972855,0.933325928680059,0.9509958425467029,0.9659769964059866,0.9887993514171113,1.686670875911867,0,0.0
1,147,429,1,1809.3204676600005,1.0581679217741464,0.942047301884989,0.9710479067335371,1.00378260731675,1.532650218840859,0,0.0
1,148,777,0,2573.883460428988,0.7438428773181944,0.7806443683700077,0.9975231807072592,4.686254802019537,1.544745814411463,1,2.745612395616531
1,149,1334,1,2120.5580098448027,0.9028589975840042,0.8320700356514733,0.9944053439429275,1.2261810043559234,1.514695141544535,0,0.0
1,150,967,1,1834.1458288494157,1.0438455050699222,0.7590519947779496,0.9736156052361364,1.243857731875395,1.3861991214093656,0,0.0
1,151,920,1,1676.0476962368666,1.1423093050310393,0.779752392525186,0.9902878951569029,1.2365484253640906,1.3987957307778576,0,0.0
1,152,1558,1,2169.204848371775,0.882611377401401,0.8324867936490008,0.9859915906820923,1.153614135148973,1.4413682952963458,0,0.0
1,153,1014,1,2056.830803647112,0.9308324611301809,0.8483212887934147,1.0003541716389284,1.2589020949493006,1.4070863592039757,0,0.0
1,154,241,0,2589.5333278611092,0.7393474563498253,0.9109927324787452,1.0440692550484754,8.511615046836225,0.9967932374061943,2,7.488730687940884
1,155,522,0,2066.3381619096963,0.9265496395409845,0.7738809445672366,1.0269958923140208,4.373602113876133,1.0590125297562922,3,2.9264323253411915
1,156,129,1,1849.4525977746462,1.035206245021316,0.9180247371104896,0.9631798564665406,0.991469200860466,1.57339081083085,0,0.0
1,157,1564,1,2191.022441064146,0.8738225785388738,0.780319282956426,0.9854697496826426,1.2125918120374097,1.5073378899362926,0,0.0
1,158,1165,1,2124.91307159369,0.9010085658004265,0.800675144461253,0.9844375035372055,1.176815337009323,1.5319680392933228,0,0.0
1,159,275,0,2294.3030644242067,0.8344864759912184,0.7992959795315595,1.0188491651648344,3.6451007136533398,1.5385511702295525,1,2.0511970240454147
2,0,8,0,2051.576907769088,0.933216235685326,0.9015791749380739,1.0081106845621342,1.8348905915341036,1.2411487778066344,1,0.5937418137274693
2,1,74,0,2020.7817905717088,0.9474377134730371,0.9269062232447187,0.9764856668726116,1.9085377212040606,1.0309959594814435,1,0.8775417617226171
2,2,310,0,2264.352724767608,0.8455241350632343,0.9405799452432537,1.0383692770925794,3.7268865325634115,0.9326965211920409,4,2.5617846358016325
2,3,507,1,2139.2587681168234,0.8949664751275459,0.7651734669469858,0.9813829596414277,1.2518393131713401,1.501533364517145,0,0.0
2,4,88,0,2051.1413348894607,0.9334144100754463,0.9005223783429154,0.9749531851236524,1.5963203426303685,1.035888401320818,2,0.5134100057356745
2,5,1207,1,2187.580158716801,0.8751975882841533,0.8533379250795501,0.9862028402219343,1.1659423054735154,1.4751358508595531,0,0.0
2,6,789,1,2426.1787271178573,0.7891277166384144,0.8578441537930552,0.9448827400132882,1.2094799471299447,1.6569436521563128,0,0.0
2,7,3,1,1914.5695084056845,0.9999975820577656,0.7812146994889888,1.0020696953405355,1.1583136083487695,1.51205734738868,0,0.0
2,8,1416,1,2293.899962584106,0.834633118407844,0.7631528418505281,0.9773792081161534,1.1659807786832597,1.5510400537091567,0,0.0
2,9,1071,1,2182.934273675238,0.877060249672018,0.7820770706792651,0.9872105458725073,1.2040081387708517,1.4955318110629707,0,0.0
2,10,376,0,2501.799186918766,0.7652752023815315,0.9348988568100155,0.9727119971803727,2.2558435453418935,0.9686382732619379,1,1.2872052720799556
2,11,321,0,2285.6567053724475,0.8376432360060964,0.9131548562190713,1.0519563600805704,6.100690398174485,0.9117248883612913,5,5.101618155766972
2,12,261,0,2506.796168306634,0.7637497229703033,0.9433543075490881,1.026771085481119,4.007304801699056,0.991329933665845,5,2.248140567825404
2,13,523,0,2035.200770705124,0.940725311549426,0.7955399147311084,1.0138016680634714,3.128629287860265,1.3135948161726558,2,1.8006761626916663
2,14,764,1,2113.4093923039504,0.9059129225313184,0.8703528696550094,0.9677602682236575,1.2047652034079182,1.6272915850279814,0,0.0
2,15,43,0,2013.4546618052898,0.9508855180133956,0.9538686774634927,0.9829657723741735,2.2382483797376116,1.0266257231218114,1,1.2116226566158002
2,16,83,0,2009.5339439767424,0.9527407510710691,0.907617086955756,0.9758758811258746,2.706526080725207,0.9923145935051592,1,1.714211487220048
2,17,51,0,2037.3688718772073,0.9397242225081963,0.8340239998204562,1.0398134963914,3.814710908132395,0.9185137304476741,4,2.3689859907290542
2,18,138,0,1974.43574915555,0.9696769722215844,0.7649232197144843,1.0143636059401866,2.2580853587575254,1.2548436455589147,4,0.7162871206953614
2,19,235,0,2494.725320221275,0.7674451626271196,0.9296405805148124,0.985021241561777,2.6209969989953326,1.0213113421034008,2,1.3998015563722226
2,20,169,0,2180.4610523782203,0.8780550686741233,0.9547073689918664,0.9769015487957486,2.0261893428347846,1.038234740511848,1,0.9879546023229366
2,21,1553,1,2148.6423755541236,0.8910579540224572,0.8486171568510743,0.9894945133559019,1.1885479707399367,1.541926000396909,0,0.0
2,22,1377,1,2167.8641697263074,0.8831572133640287,0.845155586383703,0.9867706683152374,1.2249534510308213,1.5777746865783886,0,0.0
2,23,510,0,2158.3926257545836,0.887032718812162,0.7836964103743224,1.0329711477671741,2.6085681837474475,1.1168327932188886,3,0.9514992295555202
2,24,352,0,2275.0677681070965,0.8415419118174959,0.7981177834735477,1.0024619275016884,5.7529880402100915,0.9705083775051763,2,4.3769417749015025
2,25,737,0,2148.5685357013044,0.8910885770103141,0.8543198596660487,0.9716460517593382,1.309915214882428,1.7364011074552446,0,0.0
2,26,742,0,2193.2998211114214,0.8729152579409015,0.8674868758174851,0.9858136693991134,1.4482835101808256,1.5762405461107416,0,0.0
2,27,116,0,2149.7844885339764,0.8905845629172008,0.8811088089271736,1.0129924813730629,2.4734071771234643,0.7733773852683252,2,1.700029791855139
2,28,65,0,2065.122335148092,0.9270951393540151,0.8431996057483389,1.0346021223671502,2.836199446658312,0.7983764039252308,4,1.9063525865761846
2,29,866,0,1863.7287865654102,1.0272765505841024,0.7979217354297093,1.0663296934072233,3.159484911302663,1.1950366211814343,3,1.9644482901212288
2,30,123,0,1889.467985739703,1.0132825184321297,0.7891296321371938,1.0378328020422642,2.4640000052772435,1.2432213083819874,5,1.1564987899078687
2,31,431,0,1756.189296087092,1.090181384975406,0.9269682750546865,0.9964516406569266,3.6922584866723525,0.9602230859275718,3,2.7320354007447807
2,32,501,1,1992.9072839406265,0.9606893880690182,0.7672547523348782,0.9826187326389725,1.2044424820437039,1.552585044225204,0,0.0
2,33,544,1,1990.8641174527345,0.9616753159109883,0.779731592491465,0.9970190173927641,1.2784520270056887,1.3034327502544112,0,0.0
2,34,1549,1,2120.5580098448027,0.9028589975840042,0.8333012802508926,0.9866296663103891,1.1825469568413585,1.4152496350748458,0,0.0
2,35,1069,1,2130.3330681525326,0.8987162184679217,0.8367613678797128,0.9835136675217345,1.2129814613275995,1.3876510950778544,0,0.0
2,36,1478,1,2227.5759583268177,0.8594835439529892,0.8081051971988713,0.980753126178642,1.1692421486336004,1.496383261860896,0,0.0
2,37,1397,1,2169.204848371775,0.882611377401401,0.8011350723915235,0.9810628190133494,1.1726879525025773,1.5755597843507911,0,0.0
2,38,464,0,1667.778065132097,1.1479734139179756,0.9336052517678172,1.0653669383032,7.773220791988953,0.9629004653411147,5,5.908319150053732
2,39,1211,1,2137.398718423918,0.8957453106825933,0.8609240893568914,0.9864191130930124,1.1527967846897886,1.520605857794716,0,0.0
2,40,559,1,2059.725562855978,0.9295242597428897,0.7625116977684573,0.9755567211243987,1.2243637338160058,1.5600599502996622,0,0.0
2,41,100,0,2059.725562855978,0.9295242597428897,0.7965316626383621,1.0091476458193782,2.1970026527772437,1.0481540437985033,4,0.8997555000040172
2,42,1337,1,2156.7464363460745,0.8877097682056843,0.8538759066314383,0.9885955092060599,1.1393232905112836,1.507889548515357,0,0.0
2,43,1176,1,2056.830803647112,0.9308324611301809,0.8520611607830776,0.982869161987071,1.1638440801327778,1.4350622230312928,0,0.0
2,44,120,0,1965.1955816135526,0.9742363035007578,0.9234001851742747,0.9913762236137275,3.3781459402173946,1.1614550724287496,2,2.0724256762878204
2,45,217,0,2633.438748102044,0.7270208507667258,0.7627323554024668,1.0684452943849818,5.736241384377512,0.8852062286489782,3,3.824662032785511
2,46,391,0,2463.5085078721836,0.7771699886439136,0.9132691940781438,0.9811504265766915,2.640557530132206,0.9816144153857619,1,1.6589431147464442
2,47,17,0,2009.2000067606268,0.9528991004603894,0.9272902921471617,0.9860761396572462,2.5829292189696145,1.0013367271069051,1,1.5815924918627093
2,48,699,0,2318.165239242202,0.8258966387197973,0.7950507978277799,1.001410655146485,3.494649532481024,0.7991901333762214,2,2.6954593991048026
2,49,154,0,1889.1933947361674,1.0134297972995958,0.8137998579016649,1.0089552843605114,3.046626461075894,1.2071154275026856,2,1.8395110335732086
2,50,1276,1,2062.7597990623976,0.9281569671647913,0.8096400759874345,0.9872886486247723,1.1812109796290855,1.4258008628026169,0,0.0
2,51,1401,1,2041.3003783569468,0.9379143311717076,0.8168423574122006,0.9920571242030101,1.1935737029168156,1.5136000168744332,0,0.0
2,52,750,0,2247.0686397612517,0.8520277686268763,0.7983834272485328,1.0199766115490703,2.4006358114583266,1.0169025659308986,2,1.0076974845517475
2,53,1048,1,2137.398718423918,0.8957453106825933,0.8320437458380303,0.9916308650014238,1.1833178602612335,1.5657699865916053,0,0.0
2,54,1001,1,2059.6486798659253,0.9295589572158683,0.8473899920541917,0.9896212835119389,1.211836054561758,1.5221007384149308,0,0.0
2,55,425,0,1722.6369513004877,1.111415192645106,0.8903918911702683,1.024582624092385,4.7355751543367886,0.9549382501740514,5,3.780636904162737
2,56,638,0,2400.7886019000575,0.7974733292102287,0.7722818784440805,1.0512293889738378,2.945991828858793,1.038827166663982,6,1.907164662194811
2,57,832,0,1950.4105218830982,0.9816214881976334,0.7915530081226057,1.0586825257762913,1.9816741642872147,0.9117681194244723,5,0.9919447830306335
2,58,1204,1,2253.401394744975,0.8496333070317849,0.8098886543958379,0.9828663203980236,1.1685213117746356,1.4769828372955094,0,0.0
2,59,1261,1,2187.580158716801,0.8751975882841533,0.8185796360704807,0.9963628184688492,1.2172076449930074,1.465992366342531,0,0.0
2,60,1334,1,2120.5580098448027,0.9028589975840042,0.8320700356514733,0.9944053439429275,1.2261810043559234,1.514695141544535,0,0.0
2,61,1039,1,2229.2848432706523,0.8588246965687402,0.8022669729759543,0.9837907087572222,1.1479537620231273,1.5381356359951055,0,0.0
2,62,1060,1,2156.7598088580808,0.8877042641576747,0.8092128658745562,0.9820441281274251,1.1821537680798948,1.5259093680977156,0,0.0
2,63,1151,1,2253.9959764497016,0.8494091822217293,0.8207900526857991,0.9951531562918701,1.1563891213723414,1.5005336586201101,0,0.0
2,64,1032,1,2198.8059316868153,0.8707293588290668,0.7958673282137371,0.9898609937712934,1.150694474994563,1.4761556955080384,0,0.0
2,65,1446,1,2148.6423755541236,0.8910579540224572,0.8699281590679706,0.992978401665314,1.2059527893422544,1.411982819159841,0,0.0
2,66,621,0,2454.325740249301,0.7800777409818207,0.7849011855893946,0.9808302547462511,2.5740578303669213,1.0470321609958235,2,1.1728857823551142
2,67,633,0,2554.8224436975793,0.7493925395129499,0.7868323553957777,1.002650373790114,2.5323561532182497,0.9877744440707904,3,1.5445817091474594
2,68,982,0,1909.7220332442755,1.0025358904377863,0.8349067215401321,1.117341514683111,6.593731838797215,0.8743521141715952,9,5.083493835540724
2,69,1567,1,2144.291572647627,0.8928659252823687,0.8390200040992721,0.9932441879170604,1.1852255813590646,1.4580685196637508,0,0.0
2,70,1262,1,2187.981315244149,0.875037124745085,0.8543871103939662,0.986611857108249,1.1846391902124274,1.4964186492461802,0,0.0
2,71,340,0,2144.3229721878874,0.8928528509554454,0.774417848610618,1.031705681164313,4.837051683292415,1.0080617065131083,3,3.0014216506888785
2,72,1432,1,2184.7777713382593,0.8763201933872047,0.8325098839671318,0.9851444705722916,1.2050323216837657,1.5428500320861864,0,0.0
2,73,664,0,2573.233873880603,0.7440306528375992,0.8782181131900052,0.9768168354634805,1.4697161417167237,1.683886503486017,0,0.0
2,74,454,0,1834.1458288494157,1.0438455050699222,0.7872782439185013,1.0420386922642153,4.022279599014156,1.0795982536819309,6,1.939931643433808
2,75,1349,1,2191.022441064146,0.8738225785388738,0.8677062537200506,1.0088584127038727,1.2542884033290422,1.4040544749975137,0,0.0
2,76,996,0,1901.1798378354215,1.0070403867037783,0.8010476871078528,1.049761191908881,1.8986307178868969,1.117230859941328,4,0.5684307911289701
2,77,935,0,1640.6704864083479,1.1669405251986058,0.805968637997396,1.0822681188122338,2.9106806013955064,0.9358541162726515,6,1.7191956589423518
2,78,1482,1,2137.142850130535,0.8958525533144729,0.8220571961103822,0.9903053961066253,1.1978196067066211,1.3886624345244507,0,0.0
2,79,1141,1,2221.7593242997464,0.8617336982216297,0.8374875978730747,0.9909197893496846,1.1987162826979179,1.453202359358264,0,0.0
2,80,1486,1,2121.8630525852404,0.9023036980424055,0.8097676584296526,0.9928832655272498,1.1864182562032837,1.4812079413531414,0,0.0
2,81,1162,1,2235.0930866154295,0.8565929045874365,0.7537132549524077,0.9860392766520566,1.1952711358743253,1.5515110560592391,0,0.0
2,82,718,0,2194.7364869821686,0.8723438510469183,0.847682685147423,0.9776825523942475,1.549162496546072,1.7533546114909349,0,0.0
2,83,1528,1,2185.521146472357,0.8760221250558489,0.8341968895089081,1.0053834754339321,1.1770154487787283,1.4509649845003456,0,0.0
2,84,931,1,1922.0767824075153,0.9960917777119721,0.7644771605189712,0.9954464381493872,1.2560774296161679,1.443832943177384,0,0.0
2,85,1355,1,2047.842130774243,0.9349182001462952,0.844553825256437,0.9950262215212364,1.1826387639456222,1.5685189048004016,0,0.0
2,86,1535,1,2137.142850130535,0.8958525533144729,0.7988392237239422,0.9702263049527741,1.1549305326195476,1.4460051869430541,0,0.0
2,87,1055,1,2137.628020347759,0.8956492246839745,0.7917535220225108,0.980205222073239,1.1985525217135073,1.5461242620639901,0,0.0
2,88,1025,1,2129.0666950574305,0.8992507766580629,0.8043704625875546,0.9920929684998279,1.1862400571353244,1.3813458515828023,0,0.0
2,89,1020,1,2151.9459374076073,0.8896900455564584,0.8238237566137838,0.9943168207666102,1.1596184617732552,1.4318949333311353,0,0.0
2,90,571,1,1953.63913516776,0.9799992458294018,0.814533314635244,0.9932199197442855,1.2096867083544236,1.453914194826404,0,0.0
2,91,1003,1,2124.91307159369,0.9010085658004265,0.8504370430596176,0.9912383246196212,1.200638207717232,1.5485913293479958,0,0.0
2,92,511,0,2023.467328826596,0.9461802776907009,0.8252796416538958,1.009405498797969,1.972161726451924,0.9571938835847307,1,1.0149678428671933
2,93,1086,1,2198.8059316868153,0.8707293588290668,0.8378162050644661,0.9836144610928469,1.1941175711329863,1.4725070967043004,0,0.0
2,94,1341,1,2187.737818954701,0.87513451680512,0.8145102790008314,0.9945918625061536,1.1538874799093068,1.4169041346664628,0,0.0
2,95,944,1,1643.5273018984772,1.1649121233797883,0.7899256981354679,0.972186898515292,1.2261016295286185,1.4350345976594587,0,0.0
2,96,1512,1,2180.519745060568,0.8780314342138776,0.832993159819154,0.9875439345372634,1.1619096370802173,1.4762572375927718,0,0.0
2,97,1464,1,2157.385513175671,0.8874468041963304,0.8551432216472059,0.9943079541895314,1.1663792058883138,1.4996730926021922,0,0.0
2,98,818,0,2420.267158559084,0.791055182613416,0.7767411907466721,0.969062745790845,1.30358332789127,1.7258764806736622,0,0.0
2,99,330,0,2251.3936719296225,0.8503909835751984,0.8882831056788153,1.0304085919267956,3.662901460743438,0.9754750420426971,5,2.6874264187007406
2,100,1541,1,2200.438601940466,0.870083299483495,0.8423055438826836,1.0003010458762236,1.2400052386334564,1.546591493898155,0,0.0
2,101,741,0,2168.0851016112365,0.8830672180092837,0.877744826552821,0.988489968255406,1.4880524034327105,1.6280808066971428,0,0.0
2,102,724,0,2170.1441797542125,0.8822293453811213,0.7900826068618905,1.0429197991928412,4.499289019196597,0.8810159143212773,4,2.317175547178717
2,103,1215,1,2237.042163262673,0.8558465774712364,0.7902695694697353,0.9901385027008741,1.1895691595655038,1.582932835482009,0,0.0
2,104,1564,1,2191.022441064146,0.8738225785388738,0.780319282956426,0.9854697496826426,1.2125918120374097,1.5073378899362926,0,0.0
2,105,1075,0,2023.912250503832,0.9459722765206833,0.8414141775085205,0.9897843010072389,1.3507828881982467,1.21823352268551,1,0.13254936551273655
2,106,1504,1,2169.204848371775,0.882611377401401,0.854935665367527,0.9973474958082867,1.1652123053664418,1.6159988945593688,0,0.0
2,107,849,0,1857.218000943782,1.0308778388505202,0.7719656377864891,1.0661979089925098,2.7806573859218084,1.1038683572783075,4,1.6453846606516078
2,108,912,1,1675.0019587941383,1.1430224717262638,0.8086817461222194,0.996465246814377,1.2126841535670172,1.3558679940762501,0,0.0
2,109,372,0,2626.296832195108,0.7289979013861051,0.941273248931082,1.0000135862383313,5.405013811490469,0.9638201604434489,1,4.44119365104702
2,110,1146,1,2252.7956093010575,0.8498617767109435,0.8311397184173351,0.9944709397080609,1.2182891503338091,1.4900452476658241,0,0.0
2,111,1381,1,2182.9843445418023,0.8770401326396444,0.7966090056455484,1.0002480686709108,1.2358340104718923,1.5515185463349837,0,0.0
2,112,1052,1,2237.042163262673,0.8558465774712364,0.8730228730112918,0.9929522333622653,1.253372955539507,1.5114569723567843,0,0.0
2,113,736,1,2251.3936719296225,0.8503909835751984,0.8471415340618511,0.9712876469555226,1.2282120182876026,1.7033697547724596,0,0.0
2,114,1548,1,2177.456625248296,0.879266597959852,0.7522991012996308,0.9956725803582608,1.2011549234952714,1.5814922916812684,0,0.0
2,115,1044,1,2187.580158716801,0.8751975882841533,0.8295912658092931,0.987024914421782,1.2284844779911863,1.397914385387946,0,0.0
2,116,279,0,2436.089841248537,0.7859171885491557,0.8972776542200488,1.015003170824234,4.072778092843397,0.8803479059097958,4,3.033287026092422
2,117,355,0,2187.6148722473163,0.8751837004657016,0.9246679121130432,1.0154551981480666,4.186082490677195,0.9856097499185257,3,3.200472740758669
2,118,665,0,2573.233873880603,0.7440306528375992,0.8333218893421924,1.0173560288718209,3.0003763529850778,1.2379679513813273,2,1.6125986398196668
2,119,361,0,2318.496502355673,0.8257786359142424,0.7896136464888851,1.0066725876749574,2.9701507283342488,1.0506551282043435,3,1.9194956001299053
2,120,48,0,2012.6400098250595,0.9512704059051401,0.947153808350977,0.9869275188553718,3.350715822800338,0.9571414296773829,1,2.393574393122955
2,121,472,0,1716.0113986744227,1.1157063878282887,0.8956260702827867,1.0455607555953301,4.502791814522382,0.8130311390721622,3,3.01190132953648
2,122,483,0,1666.9360698827857,1.1485532730849337,0.9078278476859166,1.1331852646122254,5.073298994178365,0.8846185412044909,17,3.19053868164367
2,123,363,0,2290.908532428748,0.835722968414391,0.7701376792221677,1.0427227275715543,5.252261080372799,1.3908143376048847,3,3.381455302216569
2,124,1147,1,2229.2848432706523,0.8588246965687402,0.8449539208169052,1.0025007762871705,1.2284103023422883,1.4586044950655432,0,0.0
2,125,336,0,2381.2985120437675,0.8040003676162464,0.7811611330490492,1.0593404418196308,3.217506825306205,0.833026212525874,8,2.126928580779422
2,126,1076,1,2085.8666165451887,0.9178750280103214,0.7494896153423838,0.9919901513458621,1.167054257069644,1.4028944897226838,0,0.0
2,127,867,1,1733.2255497385752,1.1046253497566927,0.7841738846982436,0.976694850695718,1.2298474168033955,1.406887609731189,0,0.0
2,128,778,0,2526.377744076055,0.7578300131785727,0.8556146640627998,0.9373398940244191,1.3057253144696772,1.724497676559218,0,0.0
2,129,652,0,2592.0903841918807,0.7386181017310864,0.7796066145464317,0.9834638628738075,2.150588533052457,1.0497732073015162,4,1.1008153257509405
2,130,952,0,1645.2344492382613,1.163703373688563,0.8018288787194614,1.049955064880554,3.015430850567975,0.9670323552983647,4,1.4525434236442574
2,131,745,0,2153.9227322251536,0.8888735192043445,0.7865960571148812,1.0044815981835118,2.7537141501915157,1.3172995397074,2,1.4364146104841156
2,132,56,0,2346.537460491363,0.8159106391109141,0.7989742734442461,1.0375672231191768,2.8446476371312026,0.8758013263632812,4,1.5563293863025787
2,133,1580,1,2241.6909703978945,0.8540717272672865,0.7900876585968966,0.9885790107775548,1.2310283967208626,1.4976816690854757,0,0.0
2,134,549,0,2171.9483217310303,0.8814965162528878,0.7982068786118441,0.9888019831757258,2.212710653758153,1.3292894711194767,3,0.7196496777281769
2,135,1028,1,2151.2840961293236,0.8899637581721407,0.8095867195042075,1.0006387671364243,1.183579772307176,1.3802461472534082,0,0.0
2,136,911,1,1585.6744210170377,1.2074136113384641,0.8145798915807706,0.992254444162181,1.1978093975852468,1.3119337617053428,0,0.0
2,137,1114,1,2156.7598088580808,0.8877042641576747,0.8039081429458401,0.9873139611911596,1.1987886030588637,1.464696260709167,0,0.0
2,138,761,0,2168.6142489624517,0.8828517473788668,0.7810157290897961,0.9698364937997175,1.8434701213344722,1.5833060425426013,0,0.0
2,139,1042,1,2233.7630294622118,0.8571029486275227,0.810312847405471,0.9976627730914008,1.1920094516499227,1.5423248268791825,0,0.0
2,140,1480,1,2307.534510015996,0.82970151509194,0.8593625138307801,0.9896573789957477,1.1893521811491776,1.4627474948623453,0,0.0
2,141,805,1,2536.264919445056,0.7548757483528666,0.8681526241963405,0.9546036386488705,1.2594782348465658,1.5630551775242887,0,0.0
2,142,1307,1,2204.37261623374,0.868530512939469,0.8136110086596035,0.9758810187089606,1.1631693832629002,1.5412651816674063,0,0.0
2,143,882,1,1760.5068949452127,1.087507742562287,0.7648997667343135,0.9833942640189016,1.211114462526559,1.4511012428340209,0,0.0
2,144,324,0,2170.1441797542125,0.8822293453811213,0.928083958425929,1.026296104917117,6.092964083109297,0.9752012612109746,2,5.095758532881062
2,145,1395,1,2187.737818954701,0.87513451680512,0.8574621631509268,0.992854743634002,1.2051579163396429,1.5064040221855133,0,0.0
2,146,1190,1,2230.8236356225384,0.8582322907623878,0.832502854702507,0.9869941713209429,1.2308476384796523,1.5890784981162578,0,0.0
2,147,73,0,2123.55714700851,0.9015838739184808,0.7704240235550986,0.9991666377109509,4.562176244149874,1.4111958885647558,1,2.7709636823991577
2,148,1242,1,2129.0666950574305,0.8992507766580629,0.8005935366887545,0.9944186561391193,1.1845462994397038,1.5400552533831433,0,0.0
2,149,434,0,1814.827806115282,1.054956769251524,0.9439373046103439,1.1008085838975745,4.299294119629467,0.9537816697998058,13,3.2930333391534026
2,150,1240,1,2056.356087140899,0.9310473468382452,0.8419376384699444,0.9945262176921229,1.2005818805940833,1.4613489044810934,0,0.0
2,151,515,0,2161.1484976882157,0.8859015847986489,0.8055258578773298,0.9917738700666804,1.6975841583796722,1.235339166346951,1,0.4622449920327212
2,152,631,0,2557.5315625019534,0.7485987297901616,0.7762469730694082,1.0125927883930945,2.621709526801368,1.0364099832146338,4,1.4372263196170187
2,153,1371,1,2130.8437375194285,0.8985008357844226,0.8093185255149264,0.9847904887412624,1.2063852142850113,1.505459397065687,0,0.0
2,154,1507,1,2070.192977133802,0.924824352238862,0.8244786125597714,0.9986236652606382,1.1903153651399376,1.5398519813852858,0,0.0
2,155,346,0,2126.7715494288195,0.9002212200936194,0.9019917047863645,0.9663143495171947,1.1735409488624031,1.1666788675045234,1,0.00686208135787969
2,156,739,0,2215.2268735314224,0.864274852369902,0.788955290179454,0.9995599370794551,1.784491349533462,1.34524271063051,1,0.21981627158559403
2,157,173,1,2073.8906628286695,0.9231754177801501,0.9347149833958429,0.9675708463298072,0.9924445052744753,1.6350406228916348,0,0.0
2,158,187,1,2282.085727144089,0.8389539693073612,0.9545041338830197,0.967398549081902,0.9939200289311079,1.596980890514439,0,0.0
2,159,115,0,2032.2142831037436,0.9421077762346737,0.7894582778968309,1.0231967314330368,3.335635493609932,1.0398961530909614,4,1.9263969754705825
3,0,1534,1,2325.865603560086,0.8231622997290474,0.8322880187531163,0.9826837495677343,1.141565497468065,1.5338492056306896,0,0.0
3,1,895,1,1668.0166752838893,1.1478091960689534,0.7603824495420943,0.9747384440100154,1.2155649095413206,1.4396070247715422,0,0.0
3,2,1530,1,2235.1361188462224,0.8565764129280449,0.8211198498264649,0.9810828817068915,1.266784438968377,1.4900543666071675,0,0.0
3,3,486,0,1819.1130407829937,1.052471636541691,0.9320193752357648,1.0959600418540245,4.73241223631044,0.9762298000380429,10,3.5742111930070504
3,4,1299,1,2151.2840961293236,0.8899637581721407,0.7557485135636242,0.9956809469852518,1.1700789105649547,1.4368863891232704,0,0.0
3,5,883,0,1760.5068949452127,1.087507742562287,0.8154770682920053,1.0692146533494038,2.8669536254737484,0.9302826032722522,6,1.7227305723623803
3,6,555,0,2125.6399674100753,0.9007004518361386,0.823358002520555,0.9777885213962197,1.535564072875665,1.1759481006318258,1,0.35961597224383923
3,7,1528,1,2185.521146472357,0.8760221250558489,0.8341968895089081,1.0053834754339321,1.1770154487787283,1.4509649845003456,0,0.0
3,8,1270,1,2235.0930866154295,0.8565929045874365,0.7537132549524077,0.9860392766520566,1.1952711358743253,1.5515110560592391,0,0.0
3,9,210,0,2454.325740249301,0.7800777409818207,0.765601918727186,1.0363401384379527,2.9485685910978736,1.0221571437920633,4,1.7749372658019027
3,10,1145,1,2342.50919252498,0.8173137101005392,0.7680743079936838,0.9818521235127691,1.2298118736298347,1.4859400435777756,0,0.0
3,11,1394,1,2228.52376661177,0.8591179989963036,0.7784419232948948,0.9943844527111025,1.225951835736841,1.5053784605808607,0,0.0
3,12,1219,1,2124.91307159369,0.9010085658004265,0.8118121244809645,0.9920335743978058,1.1841343245864733,1.403340036171171,0,0.0
3,13,1318,1,2171.719450718879,0.8815894145320903,0.827295786410713,0.9887330855121473,1.204980533807205,1.4421856133850548,0,0.0
3,14,1527,1,2281.463903261651,0.8391826302182948,0.8369756267744426,0.9745605731624327,1.1460061829009112,1.422453230994437,0,0.0
3,15,1065,1,2035.7315075590202,0.9404800544561509,0.7890453573700661,0.9929094858997964,1.1542063571703283,1.5550495822338535,0,0.0
3,16,942,0,1577.4340272493937,1.2137210469750537,0.7801681116171247,1.08980881675509,7.936903297092897,1.112138993592581,5,6.027217432513251
3,17,771,0,2404.744219926491,0.7961615473373441,0.8527730008168399,0.9554713732421376,1.4388421326920087,1.6199708958291343,0,0.0
3,18,1479,1,2130.8437375194285,0.8985008357844226,0.8143224607224402,0.981499064113355,1.1538965367555407,1.4811996637009393,0,0.0
3,19,283,0,2393.341345752982,0.799954792275925,0.883166266127189,1.035130541926469,4.842894075584423,0.9451176929399717,4,3.6982401219818852
3,20,737,0,2148.5685357013044,0.8910885770103141,0.8543198596660487,0.9716460517593382,1.309915214882428,1.7364011074552446,0,0.0
3,21,642,1,2281.667198480654,0.8391078595345126,0.8451423429806331,0.9555325131113177,1.2738611862673372,1.6472201974409266,0,0.0
3,22,695,0,2360.016964363326,0.8112504731946752,0.7663457730072727,1.02222768250745,3.9660105481202623,1.287217220019741,3,2.6787933281005216
3,23,86,1,2217.445096129827,0.863410274477035,0.9025145160535952,0.9647555253539257,0.9939915945447951,1.5738335532303394,0,0.0
3,24,1412,1,2109.7152227175684,0.9074992010632688,0.8342654725079218,0.9915108205631062,1.1554570813975376,1.363535450171381,0,0.0
3,25,319,0,2194.7364869821686,0.8723438510469183,0.8148877567295563,1.0871532206459333,4.117372967049354,1.2202361342360613,5,2.845020011578171
3,26,539,0,2116.676749908187,0.9045145316450686,0.7618150330166943,0.9921519997024408,1.9878009005370503,1.1529256781314783,4,0.834875222405572
3,27,1250,1,2221.7593242997464,0.8617336982216297,0.7967032945771793,0.9920378813606917,1.1700118587890154,1.5726210664335873,0,0.0
3,28,597,1,1918.9201576100822,0.9977303492771178,0.7691363864931691,0.9918532285210164,1.272394512544934,1.5177484905992962,0,0.0
3,29,835,1,1780.989293236795,1.075000779823697,0.8036260282314281,0.9687992754642145,1.2107034689386875,1.394039509215584,0,0.0
3,30,404,1,2690.006355663886,0.7117324741839505,0.9536049009745423,0.9628251342777816,0.9784319536749014,1.702806253494072,0,0.0
3,31,64,0,2091.8957100702,0.915229602446558,0.9491947824932581,1.0123956390703843,4.323707609363542,1.022374715228269,3,2.3699881455932186
3,32,1096,1,2233.7630294622118,0.8571029486275227,0.8040228137104003,0.9924473083390658,1.1772585583170643,1.6060505312346294,0,0.0
3,33,1228,1,2035.7315075590202,0.9404800544561509,0.8085619403127254,0.9991094972788082,1.2465079737570968,1.4716435535130028,0,0.0
3,34,221,0,2524.1584534159524,0.7584963125021815,0.7932109905036745,1.0755869756739926,4.414373426880373,0.9669041488782553,4,3.025050435419146
3,35,157,0,1916.9274451186031,0.9987675245417295,0.7580235357801296,0.9648375371826112,1.527043118061648,1.5619485147056982,0,0.0
3,36,14,0,2155.03521112529,0.8884146621843294,0.8207752655710295,1.010287997382257,2.927425007548594,1.194975780011312,1,1.732449227537282
3,37,634,1,2394.9752127807897,0.7994090581272535,0.8663311118750953,0.9409383196192609,1.1492697779112635,1.6902541847044634,0,0.0
3,38,1538,1,2167.8641697263074,0.8831572133640287,0.7873388625803682,0.9853629844416805,1.1899945036604862,1.457032572634352,0,0.0
3,39,483,0,1666.9360698827857,1.1485532730849337,0.9078278476859166,1.1331852646122254,5.073298994178365,0.8846185412044909,17,3.19053868164367
3,40,1035,1,2119.3866197180655,0.9033580099424697,0.845726945670602,0.9936555918916163,1.184924252471119,1.4872420723230322,0,0.0
3,41,571,1,1953.63913516776,0.9799992458294018,0.814533314635244,0.9932199197442855,1.2096867083544236,1.453914194826404,0,0.0
3,42,1578,1,2151.3422640577687,0.8899396953583946,0.8262070073751666,0.9833317610342663,1.1597311001421262,1.5703328696547676,0,0.0
3,43,677,0,2410.3450311303923,0.7943115422729856,0.7768843682006417,1.0163097488150359,2.573459101504453,1.0067920738556693,1,1.5666670276487837
3,44,1200,1,2342.50919252498,0.8173137101005392,0.8570319127880413,1.003462158341042,1.2071685163531432,1.3581409585541973,0,0.0
3,45,1471,1,2151.3422640577687,0.8899396953583946,0.8480725326515843,0.991924124976683,1.1984247846749925,1.4226506334780942,0,0.0
3,46,773,0,2453.6391771809836,0.7802960178060397,0.8552446764287414,0.9552225073931431,1.3558252346591726,1.58622264177913,0,0.0
3,47,92,0,2246.3413062897257,0.8523036431402713,0.8159016944966875,0.9913821093007684,2.8693890664840462,0.9732274024951387,2,1.8961616639889076
3,48,1258,1,2253.401394744975,0.8496333070317849,0.8027582495496749,0.9849683888895178,1.1973857092560392,1.6019196726175344,0,0.0
3,49,1239,1,2085.8666165451887,0.9178750280103214,0.8296972006024992,0.9987281105491239,1.2097878139797569,1.3771281530366974,0,0.0
3,50,90,1,1963.8308694685245,0.9749133231648162,0.9103800335548744,0.9629886376345832,1.0314594501419216,1.3412736320921161,0,0.0
3,51,243,0,2729.8645787361165,0.7013406064170488,0.8374811770432136,1.0420303324711329,4.757877519900693,0.8444325825359407,3,3.6488737395023136
3,52,850,1,2030.7246589251786,0.9427988529476714,0.7728338883010258,0.9814384121806894,1.2701828223388705,1.439410571412002,0,0.0
3,53,1546,1,2146.6283450708684,0.8918939710655885,0.7971400003062031,0.9862580426306209,1.2126983435483878,1.447813579852936,0,0.0
3,54,601,0,1820.629971257257,1.0515947278210986,0.777180465436441,0.9619344303170914,1.4245692337945435,1.5018186321100175,0,0.0
3,55,41,0,2268.6944660522754,0.8439060030938048,0.9420008275259198,0.9746399829594673,2.0215212566673983,1.0050076008080073,1,1.016513655859391
3,56,1568,1,2117.2946779729414,0.9042505509531523,0.8062619772994205,0.9849846421337978,1.1743574495482745,1.5359598472954812,0,0.0
3,57,840,0,1783.2530886643328,1.0736360930804443,0.7831661334766871,1.0485135505671832,3.280172416867761,1.1377772193548625,4,1.3345612747918878
3,58,136,0,1945.3074264459206,0.98419656094416,0.9415282988834728,0.9821017445545505,2.306964348644169,0.9618500715865951,2,1.345114277057574
3,59,704,0,2352.541958263424,0.8138281539941093,0.7752817956488062,1.027092770099392,3.1523835801681783,1.1607475932426914,4,1.8842664288890194
3,60,181,0,2139.7067277625606,0.8947791088591022,0.9110334434402316,1.0177640860687065,1.4611087054262002,1.3446999206877759,1,0.036405723932673606
3,61,990,0,1799.6469127639346,1.0638558405586247,0.7890057411650334,1.0319105948715221,1.9387993388439577,0.9506246413332264,5,0.8010873618763981
3,62,1569,1,2123.328379816048,0.9016810104770868,0.7806302560474807,0.9839555672069422,1.1719052796070542,1.4630583683542895,0,0.0
3,63,987,1,1824.5124905940731,1.049356959164371,0.7636923168384883,0.9731691572019957,1.1803772657479366,1.4251060082035094,0,0.0
3,64,129,1,1849.4525977746462,1.035206245021316,0.9180247371104896,0.9631798564665406,0.991469200860466,1.57339081083085,0,0.0
3,65,254,0,2536.7342510380213,0.7547360856990745,0.9242818623598307,1.0090540554862308,3.8333698145045694,0.9735272956034912,3,2.859842518901078
3,66,583,1,1899.1143084151101,1.0081356717726977,0.7700689418290082,0.9722315336727027,1.1670050113690236,1.4331383534094806,0,0.0
3,67,546,1,2104.3847677711515,0.9097979173813405,0.767640947173832,0.986162090939191,1.2153601575042616,1.5601409493124634,0,0.0
3,68,1174,1,2035.7315075590202,0.9404800544561509,0.8547590059631194,0.9925409717852716,1.149114265793547,1.4259178108425217,0,0.0
3,69,1296,1,2129.0666950574305,0.8992507766580629,0.8064326162807384,0.9860849877639947,1.1822543942442727,1.5030495350325028,0,0.0
3,70,432,0,1756.189296087092,1.090181384975406,0.9424416538822374,0.9972761269020154,3.5793979266306204,0.9691996193096674,2,2.610198307320953
3,71,1342,1,2206.715488464884,0.8676083931504416,0.8012808133237185,0.9799252440031163,1.1817787627882215,1.495656202472441,0,0.0
3,72,1461,1,2117.2946779729414,0.9042505509531523,0.8322432703069016,0.9929642575416663,1.1640463931921219,1.4014142920901917,0,0.0
3,73,213,0,2600.4213686671555,0.7362517867896612,0.783419008601167,1.0357355567048971,5.635788216100383,1.594133345721688,2,4.0097756269702725
3,74,1165,1,2124.91307159369,0.9010085658004265,0.800675144461253,0.9844375035372055,1.176815337009323,1.5319680392933228,0,0.0
3,75,1171,1,2048.848550455318,0.9344589567939189,0.8342731126053946,0.9843575547884005,1.1523119797901609,1.4672601698509775,0,0.0
3,76,1109,1,2137.628020347759,0.8956492246839745,0.8241298001758528,0.9913175913829041,1.1544229350696589,1.5932699895747362,0,0.0
3,77,668,0,2536.7342510380213,0.7547360856990745,0.8659402721452605,0.9648400038120075,1.5765901189591989,1.6048126164478005,0,0.0
3,78,1430,1,2164.935485954442,0.8843519317358074,0.835189850938459,0.9906542730439196,1.1888933637404049,1.4536571406716388,0,0.0
3,79,334,0,2168.0851016112365,0.8830672180092837,0.9271520948883987,0.9793318846404225,2.1689141133882166,1.0271892758295782,2,1.1417248375586384
3,80,1424,1,2227.5759583268177,0.8594835439529892,0.8578262027614357,0.9785355303234267,1.1570826680080881,1.5489352111196324,0,0.0
3,81,1374,1,2137.142850130535,0.8958525533144729,0.8374494221614407,0.9813515302355327,1.227596421561841,1.518871968382868,0,0.0
3,82,1582,1,2185.521146472357,0.8760221250558489,0.8488409929597218,0.9951988957588801,1.196092667933841,1.4502778958876033,0,0.0
3,83,572,0,1953.63913516776,0.9799992458294018,0.7815798371709863,0.9628442688882726,1.35946680913406,1.5192297104244934,0,0.0
3,84,58,0,1961.9968416103388,0.9758246488897512,0.7883379993693116,1.0021909100317887,2.2675071872185213,1.1482906033309257,2,0.6164458715411278
3,85,1396,1,2206.715488464884,0.8676083931504416,0.8341836724792221,0.9947872214557338,1.181145360455439,1.390566545327381,0,0.0
3,86,689,0,2514.3006708195026,0.7614701381212227,0.8772860463275757,0.970560799602446,1.3617436138876635,1.691120691404992,0,0.0
3,87,475,0,1796.9074494440536,1.0654777349159292,0.9245844739959084,1.0106788597471308,3.9981252926174173,0.9515284799081978,3,3.0465968127092196
3,88,1196,1,2221.7593242997464,0.8617336982216297,0.8353413714916483,0.9912007385277166,1.179487352804826,1.565422584033042,0,0.0
3,89,834,0,1862.38938160898,1.0280153538209895,0.7636088507578325,1.2099886200135899,9.293171948925755,1.0307357706599602,5,7.5477533693717485
3,90,1198,1,2119.3866197180655,0.9033580099424697,0.8095336955365772,1.0016713603725296,1.1939750366631223,1.54538320172287,0,0.0
3,91,1093,1,2229.2848432706523,0.8588246965687402,0.7822291378528852,0.9845517145435119,1.166060264438102,1.411362217086755,0,0.0
3,92,718,0,2194.7364869821686,0.8723438510469183,0.847682685147423,0.9776825523942475,1.549162496546072,1.7533546114909349,0,0.0
3,93,1175,1,2072.434685576266,0.9238239894420803,0.7854988356380973,0.9930341532999154,1.1617786133372585,1.5793838175419512,0,0.0
3,94,790,0,2426.1787271178573,0.7891277166384144,0.7798968230857076,0.9858390995510731,2.1581770555143107,0.9424281678362472,2,1.2157488876780636
3,95,1038,1,2252.7956093010575,0.8498617767109435,0.8002090303485963,0.9882009388411513,1.2062134061302,1.481671098223825,0,0.0
3,96,862,1,1758.7625828009755,1.088586315065963,0.8175298326339221,0.99385990132446,1.2103677193899385,1.3570277079609716,0,0.0
3,97,1554,1,2138.940056539189,0.8950998291111445,0.8480309399735403,0.9900996475520438,1.153005970565314,1.3982265258085786,0,0.0
3,98,1283,1,2072.434685576266,0.9238239894420803,0.8103795791678712,0.9934276247113741,1.2109130245895938,1.470703843894357,0,0.0
3,99,893,1,1765.9569954543706,1.0841514736855768,0.7726555026298699,0.9778250976804952,1.2258574954756891,1.4484991081548948,0,0.0
3,100,1376,1,2164.935485954442,0.8843519317358074,0.8013004040933716,0.9878637534225756,1.1634149817148016,1.3993317812996862,0,0.0
3,101,528,0,2214.077734674936,0.8647234237095563,0.8156447316071164,1.0151709534296194,3.0554400956615497,0.9394344841552128,2,2.116005611506337
3,102,444,0,1757.0602490575109,1.0896409955857713,0.8479824232442278,1.1049584802488233,7.3711918853735945,0.8736453633482633,8,6.025322079226146
3,103,1013,1,2072.434685576266,0.9238239894420803,0.8461414572571084,0.9952011755644846,1.2043175620058875,1.514070418740682,0,0.0
3,104,278,0,2436.089841248537,0.7859171885491557,0.8420618153783634,1.0380753833261047,4.173056554822243,1.0171737001363803,3,2.816726067440728
3,105,73,0,2123.55714700851,0.9015838739184808,0.7704240235550986,0.9991666377109509,4.562176244149874,1.4111958885647558,1,2.7709636823991577
3,106,199,0,2186.5716981418295,0.8756012348985518,0.7995644967605108,1.0059244702996049,2.961533354875331,0.924529653939603,2,2.037003700935728
3,107,748,0,2183.3719382073673,0.8768844398811598,0.8605569750419441,0.9656989295540732,1.4441320006628944,1.68286052466169,0,0.0
3,108,274,0,2273.379586604679,0.8421668296699347,0.9486435428035424,1.0208140186512675,5.306283276085843,0.9833225002302859,3,4.322960775855557
3,109,910,1,1726.0796150340905,1.1091984763688878,0.7706802865308094,0.9941477728731626,1.2303342267619357,1.4121054433343403,0,0.0
3,110,1181,1,2202.9235132966005,0.8691018401370314,0.8213993646776315,0.9825814572944587,1.1306602904375107,1.628180654002189,0,0.0
3,111,1491,1,2095.2420488637567,0.9137678771411981,0.7852217994525547,0.983763825212113,1.2052638357656946,1.461148412933464,0,0.0
3,112,808,1,2463.4511032718574,0.7771880986573514,0.8695939073864892,0.9361000324212048,1.2352800110395477,1.7465878103932082,0,0.0
3,113,874,0,1771.8778615140773,1.080528698209032,0.7701703181056889,1.0480508064157146,2.8047661716460586,1.2216789927579383,2,1.5830871788881202
3,114,1462,1,2123.328379816048,0.9016810104770868,0.8295183364686308,0.9894935695932623,1.125213037704915,1.4839713960121856,0,0.0
3,115,793,0,2471.965057418306,0.77451130360506,0.7782381345894016,0.956974460402565,1.4142330321684058,1.709911027754433,0,0.0
3,116,1472,1,2178.8195273716815,0.8787165963198231,0.8523262185286287,0.9900685855717518,1.246493513562438,1.491672421492943,0,0.0
3,117,1218,1,2137.628020347759,0.8956492246839745,0.8335970106780531,0.9892127691452279,1.1915471297528004,1.4591424905137904,0,0.0
3,118,968,0,1834.1458288494157,1.0438455050699222,0.839772375344365,1.0238867676996732,1.9867974080195598,0.8427181397499247,2,0.9243027140180614
3,119,551,1,2067.458351132487,0.9260476168907937,0.7801896478736625,0.9697278761544785,1.1585977939633558,1.5959783462516943,0,0.0
3,120,63,0,2091.8957100702,0.915229602446558,0.8390494781010047,1.0485363769429064,4.543217071440192,1.1215703795515122,4,2.3312913673294764
3,121,616,1,2082.1966915138155,0.91949280627051,0.7715246265821967,0.97114572843396,1.1845986231925079,1.5512963237807684,0,0.0
3,122,87,0,1994.333481594039,0.960002375107762,0.7793656723116221,0.9848830173856924,1.7195171363153594,1.0600867750720266,1,0.6594303612433328
3,123,1210,1,2171.719450718879,0.8815894145320903,0.8273062726260071,0.9955712517436347,1.1999419722517333,1.495158264000321,0,0.0
3,124,1552,1,2156.7464363460745,0.8877097682056843,0.8268735116291898,0.9800723965110598,1.1629037852500972,1.5659792775661103,0,0.0
3,125,326,0,2105.380958478146,0.9093674336596708,0.7657043792265207,1.0208784228026264,2.7608827795982296,1.017714284609362,4,1.234011925150599
3,126,131,1,1912.2571426747163,1.001206812808274,0.9212798636620689,0.9611018469696522,0.9886835555649586,1.616924984440741,0,0.0
3,127,1375,1,2215.834172117544,0.8640379786442101,0.8333934803322974,0.9883069847842085,1.1693934463789093,1.4875745891000436,0,0.0
3,128,31,0,2060.55055435701,0.9291521021111978,0.8157605087790408,1.0038795934960527,2.3433093290457054,1.5166464972341727,1,0.7736587827019965
3,129,1518,1,2269.5857144130537,0.8435746078805146,0.8489262509199351,0.9828646612856188,1.2434394078139877,1.3339845046016305,0,0.0
3,130,798,0,2337.919529451452,0.8189182112424653,0.77840153290396,1.0115475048575242,3.611621959639632,1.1314390696887788,4,2.1668412235801116
3,131,1071,1,2182.934273675238,0.877060249672018,0.7820770706792651,0.9872105458725073,1.2040081387708517,1.4955318110629707,0,0.0
3,132,310,0,2264.352724767608,0.8455241350632343,0.9405799452432537,1.0383692770925794,3.7268865325634115,0.9326965211920409,4,2.5617846358016325
3,133,1300,1,2240.5493527187637,0.8545068988388973,0.8009415792906581,0.9855581235635483,1.15481353518738,1.5809415919179959,0,0.0
3,134,474,0,1796.9074494440536,1.0654777349159292,0.9353475194269577,1.022596745749913,4.238722552096195,0.9794548405444764,4,3.2592677115517183
3,135,308,0,2322.8037878298355,0.8242473553377325,0.9194442966536046,0.9819793262991248,3.102524769258068,0.9867952750562584,2,2.1157294942018097
3,136,1308,1,2342.50919252498,0.8173137101005392,0.8098508473066154,0.9987505013360248,1.2168981917969734,1.3861658751769974,0,0.0
3,137,813,0,2331.8202100664175,0.8210602476220398,0.862138376543019,0.9413138162214368,1.4603545612519446,1.546408635115039,0,0.0
3,138,975,1,1716.0113986744227,1.1157063878282887,0.81163364392113,0.9906082475709476,1.2520593161684486,1.4382414440369888,0,0.0
3,139,1125,1,2182.934273675238,0.877060249672018,0.7818676707012231,0.9960205122375468,1.17368303039632,1.5012533663972831,0,0.0
3,140,1107,1,2235.0930866154295,0.8565929045874365,0.7537132549524077,0.9860392766520566,1.1952711358743253,1.5515110560592391,0,0.0
3,141,963,1,1533.018811985913,1.2488854436215506,0.769961608448913,0.9781354758311084,1.251495902463101,1.3118432623944913,0,0.0
3,142,1468,1,2167.9173645349224,0.8831355430828131,0.8429318796887483,0.9947227776656664,1.2562447576882725,1.3428739254502449,0,0.0
3,143,392,0,2402.4253429407568,0.7969300210360053,0.7965575673225677,0.9971524284663253,5.498039076085127,0.8949814062850325,1,4.603057669800094
3,144,479,0,1830.8177755548527,1.0457430032909616,0.9095263813528428,1.02133558844438,3.1294543429005275,0.97777818854929,4,2.1516761543512377
3,145,1128,1,2173.677128952281,0.8807954289007199,0.835891592609031,0.9918094610482762,1.1891714841967362,1.4742562233323735,0,0.0
3,146,531,0,2107.7857977492404,0.9083299076839979,0.7624847870571392,1.0299747399655534,3.411845417221751,0.9299959455062183,5,2.4093767596477846
3,147,960,1,1560.9612163928764,1.2265294351844647,0.8111648953237931,0.9905256203893784,1.1642385448929018,1.3523832968414082,0,0.0
3,148,26,0,2143.6955152810465,0.8931141878310097,0.808050007245207,1.0234799821352065,2.483210896059097,1.0929006833124992,4,0.7017667049088141
3,149,1240,1,2056.356087140899,0.9310473468382452,0.8419376384699444,0.9945262176921229,1.2005818805940833,1.4613489044810934,0,0.0
3,150,134,0,2266.1050446780932,0.8448703133085249,0.8420360185716954,1.0136256949702196,1.9192353754378242,1.122990012730003,2,0.7962453627078212
3,151,1189,1,2157.949706052981,0.8872147824932689,0.8494462624475747,0.9920957450576965,1.1580802862608668,1.5218019356308914,0,0.0
3,152,1281,1,2165.1820757107675,0.8842512140503067,0.7651234893951834,0.9906575890372096,1.1354627807610176,1.451669801480607,0,0.0
3,153,970,1,1871.116986228642,1.0232202973829763,0.7910743949229713,0.9768249634699722,1.2676054450132226,1.4333609957097113,0,0.0
3,154,1236,1,2151.9459374076073,0.8896900455564584,0.7977024519578156,0.9977058709534172,1.1711042467440889,1.4002592038185486,0,0.0
3,155,757,0,2150.3001681218498,0.8903709851631829,0.8882357363698111,0.9740336373005087,1.3343128588770181,1.468410825229827,0,0.0
3,156,267,0,2450.3159206147516,0.7813542992476132,0.8841375630021312,0.9979236228046233,3.7223214911185063,0.9957516694867329,2,2.7265698216317733
3,157,1114,1,2156.7598088580808,0.8877042641576747,0.8039081429458401,0.9873139611911596,1.1987886030588637,1.464696260709167,0,0.0
3,158,1213,1,2163.633898161467,0.8848839356390642,0.8575848724625624,0.9994190484015347,1.2388254851147187,1.5215297592407229,0,0.0
3,159,487,0,1727.0229503196983,1.1085926094570973,0.7935795959270566,1.0570620844005676,5.772363748399996,1.2350704678765898,2,4.440646868166608
4,0,1219,1,2124.91307159369,0.9010085658004265,0.8118121244809645,0.9920335743978058,1.1841343245864733,1.403340036171171,0,0.0
4,1,345,0,2116.161272932814,0.9047348628745061,0.9459596086237549,0.9982169344896253,4.901326566385536,0.9842765414575675,1,3.9170500249279683
4,2,113,0,2106.3064756449235,0.9089678549751383,0.9297875369430175,0.9794804959881693,3.132946083247403,0.9607411804376537,1,2.1722049028097494
4,3,127,0,2201.311400424631,0.8697383199477783,0.8301106466094976,1.0188409613675742,2.0571094639421243,1.095265886950273,1,0.9618435769918514
4,4,121,0,1972.0281768598466,0.9708608130213744,0.7882773686109726,1.025946307512018,2.8002273993434703,0.9933014690886507,3,1.5832733866344264
4,5,232,0,2457.9965208518393,0.7789127701546547,0.7645249363965482,1.105605549806709,4.683259600344804,1.0398146489111266,8,3.0064543139725117
4,6,425,0,1722.6369513004877,1.111415192645106,0.8903918911702683,1.024582624092385,4.7355751543367886,0.9549382501740514,5,3.780636904162737
4,7,868,1,1785.2219568740165,1.072452011759746,0.7729392359926578,0.9732124531835098,1.1893714706532321,1.4324850174195978,0,0.0
4,8,424,0,1847.6737018547956,1.0362029167624485,0.8473265252774383,1.0625641899090066,3.04025519178271,1.018091799374351,7,2.022163392408359
4,9,899,0,1688.665810513255,1.1337736970616432,0.788251608886662,1.0694438194246914,2.4551141341732823,0.8713622067661134,6,1.1527794914950906
4,10,198,0,2173.7592245009614,0.8807621642303755,0.8518142529885457,1.0110464428189962,1.9657438914191285,1.2996428339847694,2,0.6433887287712956
4,11,1170,1,2172.8034915326425,0.8811495777451656,0.8380047310131542,0.9861178543827136,1.1688508150494081,1.4775264321292996,0,0.0
4,12,594,0,1812.6789952837148,1.0562073505946636,0.8010182946622273,1.006207810563226,2.7240803680867565,0.7855878232419679,2,1.9384925448447885
4,13,742,0,2193.2998211114214,0.8729152579409015,0.8674868758174851,0.9858136693991134,1.4482835101808256,1.5762405461107416,0,0.0
4,14,747,0,2144.3229721878874,0.8928528509554454,0.7754603961327391,1.0014596018929347,2.2579446126892297,1.4102000899836704,2,0.49763712147419636
4,15,347,1,2150.3001681218498,0.8903709851631829,0.9403874110682393,0.9641046121644786,0.9980312564093816,1.7281209567625546,0,0.0
4,16,931,1,1922.0767824075153,0.9960917777119721,0.7644771605189712,0.9954464381493872,1.2560774296161679,1.443832943177384,0,0.0
4,17,91,0,1990.8641174527345,0.9616753159109883,0.7803627638716417,1.0052237259284516,2.21110299554007,0.8265509949590065,2,1.3845520005810634
4,18,744,1,2153.9227322251536,0.8888735192043445,0.8735945316492498,0.9665172533296764,1.2239131304983935,1.5984960036661149,0,0.0
4,19,19,0,2110.303081942405,0.9072464024101077,0.9024121629061755,1.0040875877747713,1.9732465066810816,1.2962372614278326,2,0.29004691525916737
4,20,1173,1,2165.1820757107675,0.8842512140503067,0.778202865719254,0.9890938976373512,1.1658413126381508,1.3776306985783877,0,0.0
4,21,1486,1,2121.8630525852404,0.9023036980424055,0.8097676584296526,0.9928832655272498,1.1864182562032837,1.4812079413531414,0,0.0
4,22,325,0,2237.731756617296,0.8555828344597446,0.9312322751310481,1.0173617571034046,3.9985566702110007,0.9948660321579205,4,2.786962070067842
4,23,1534,1,2325.865603560086,0.8231622997290474,0.8322880187531163,0.9826837495677343,1.141565497468065,1.5338492056306896,0,0.0
4,24,781,1,2626.296832195108,0.7289979013861051,0.8617054047441275,0.943275137577108,1.236710832524256,1.7290507727468853,0,0.0
4,25,512,1,2085.475706026942,0.9180470784455521,0.7770120405453113,0.9847705242741339,1.2059351834122183,1.5295975922606309,0,0.0
4,26,279,0,2436.089841248537,0.7859171885491557,0.8972776542200488,1.015003170824234,4.072778092843397,0.8803479059097958,4,3.033287026092422
4,27,598,0,1807.3313704497334,1.0593325111215175,0.7841452687140846,0.9825867048410142,2.630619960876645,1.0070403123450546,1,1.6235796485315905
4,28,909,0,1702.6481186610831,1.124463039722366,0.7979939152401205,1.0461200397989852,1.6093874242145274,1.2944252341948512,0,0.0
4,29,392,0,2402.4253429407568,0.7969300210360053,0.7965575673225677,0.9971524284663253,5.498039076085127,0.8949814062850325,1,4.603057669800094
4,30,1265,1,2137.398718423918,0.8957453106825933,0.8316226447876757,0.9871363327881807,1.2093859042951962,1.5484728888372308,0,0.0
4,31,600,1,1820.629971257257,1.0515947278210986,0.8043617947548282,0.9882818326912134,1.17505511982838,1.4658876229283144,0,0.0
4,32,159,0,1857.511100933453,1.0307151747976555,0.8034267454571484,0.9881111327577121,2.0683228887419887,0.9627437761937373,2,1.0907744087123081
4,33,1392,1,2148.6423755541236,0.8910579540224572,0.8525269452819854,0.9952847111703419,1.175420832347601,1.4986733738013833,0,0.0
4,34,1270,1,2235.0930866154295,0.8565929045874365,0.7537132549524077,0.9860392766520566,1.1952711358743253,1.5515110560592391,0,0.0
4,35,840,0,1783.2530886643328,1.0736360930804443,0.7831661334766871,1.0485135505671832,3.280172416867761,1.1377772193548625,4,1.3345612747918878
4,36,1335,1,2140.2977691229385,0.8945320163893686,0.8352337004440168,0.9930417174865442,1.1555678727505223,1.5412277457640218,0,0.0
4,37,313,0,2207.154385795805,0.8674358673812931,0.9262623986331313,1.0653679333647803,7.2449755256240875,0.9829843063736453,4,5.39538628893399
4,38,658,0,2325.8987515413123,0.8231505682775218,0.7831053144032986,0.9962115994193703,2.756136449835743,1.1866938130867986,3,1.5694426367489445
4,39,591,1,1852.3457382403624,1.0335893778155867,0.7932844174812257,0.9741514741769458,1.2276946490556813,1.450712632123817,0,0.0
4,40,661,0,2447.1120425600325,0.7823772862824451,0.8719462088155007,0.9803991407364531,1.4385988418055935,1.5081723226056158,0,0.0
4,41,37,0,2223.4194193421977,0.8610902929208186,0.8720563293440681,1.0018410645307048,4.940901169849179,1.0450147201663817,2,3.8958864496827976
4,42,669,0,2531.23096541562,0.7563769980875072,0.8520955010235249,0.9641106291204011,1.483282437303863,1.6909881225780752,0,0.0
4,43,1382,1,2181.104323923233,0.8777961045180135,0.7998951776792838,0.9904674749652422,1.2381939852495905,1.5318813473056214,0,0.0
4,44,585,1,1944.8402223058768,0.9844329920414894,0.7908985720110339,0.9868781559989928,1.2126259008130433,1.593861681454114,0,0.0
4,45,169,0,2180.4610523782203,0.8780550686741233,0.9547073689918664,0.9769015487957486,2.0261893428347846,1.038234740511848,1,0.9879546023229366
4,46,1428,1,2137.142850130535,0.8958525533144729,0.8347536457285244,0.9907997177807406,1.1938282467187873,1.4091669415223067,0,0.0
4,47,731,0,2135.7973855215564,0.8964169036191967,0.8621944375951371,0.9769581637690457,1.727172387136655,1.6601275679392045,0,0.0
4,48,87,0,1994.333481594039,0.960002375107762,0.7793656723116221,0.9848830173856924,1.7195171363153594,1.0600867750720266,1,0.6594303612433328
4,49,1568,1,2117.2946779729414,0.9042505509531523,0.8062619772994205,0.9849846421337978,1.1743574495482745,1.5359598472954812,0,0.0
4,50,940,0,1617.1934805964695,1.183881150931341,0.7868650302000534,1.0683097751054287,2.9823876852155085,1.006725239797288,5,1.5944356161838906
4,51,595,1,1837.1852074472765,1.0421186015031385,0.7766988126496293,0.9924354907070443,1.270886239877173,1.5327243327694215,0,0.0
4,52,363,0,2290.908532428748,0.835722968414391,0.7701376792221677,1.0427227275715543,5.252261080372799,1.3908143376048847,3,3.381455302216569
4,53,678,0,2458.5692381102776,0.7787313244669064,0.7616083009182285,1.055297071481244,7.01175954572035,1.0619407312745708,4,5.4583962042565135
4,54,250,0,2340.7504826244167,0.8179277942263313,0.7856157185430076,1.1013671794319357,8.591251759768104,1.0630049380115012,4,7.385340343952441
4,55,486,0,1819.1130407829937,1.052471636541691,0.9320193752357648,1.0959600418540245,4.73241223631044,0.9762298000380429,10,3.5742111930070504
4,56,1260,1,2253.9959764497016,0.8494091822217293,0.796171290730746,0.9900697949922208,1.2247067182003093,1.45493032509249,0,0.0
4,57,1192,1,2240.5493527187637,0.8545068988388973,0.8615558684448471,0.990221831254283,1.2583398317477004,1.5288117149158065,0,0.0
4,58,568,1,1985.8836765735211,0.9640871223588652,0.8345288068752598,0.9983120716238492,1.1918236505839745,1.4803751156616223,0,0.0
4,59,468,0,1782.5387957284026,1.0740663169156197,0.9319075779810766,1.0689467473128205,7.716428229544128,0.9494024282648851,3,6.737799838066019
4,60,1450,1,2206.715488464884,0.8676083931504416,0.823942919530574,0.9812377695515645,1.1166828440215544,1.4889964528292035,0,0.0
4,61,126,0,1906.6229442140623,1.00416544597727,0.7994379143984194,1.0215893285382944,2.7991170924386544,0.8437987843045809,3,1.9513549093864155
4,62,206,0,2078.7738540641385,0.9210068114644169,0.7640114976270023,0.9997115050199556,1.664071984815959,1.3911444062814613,1,0.2729275785344978
4,63,662,0,2641.797357565083,0.7247205670808317,0.859489852243622,0.97465839869463,1.570736091455678,1.582223291600456,0,0.0
4,64,406,0,2556.4722911381673,0.7489089108158594,0.7691719491784703,0.9905248606540074,2.0732283569876433,1.1945051753503575,4,0.2069256782657245
4,65,1143,1,2119.3866197180655,0.9033580099424697,0.7891688153589566,0.992083165348947,1.1886646056045898,1.4365582331113103,0,0.0
4,66,1299,1,2151.2840961293236,0.8899637581721407,0.7557485135636242,0.9956809469852518,1.1700789105649547,1.4368863891232704,0,0.0
4,67,656,0,2674.135187706521,0.7159566531597983,0.7597975586963276,1.01604033411825,2.369304026800265,0.8678136371986245,3,1.2369643987209584
4,68,1205,1,2233.7630294622118,0.8571029486275227,0.8309257305109977,0.9881374131752916,1.2002851137789685,1.6083528817748975,0,0.0
4,69,892,1,1717.074134118752,1.1150158522828224,0.7700532553119616,0.97334335617006,1.212612441389082,1.4454839685207432,0,0.0
4,70,728,0,2178.339682522285,0.8789101600859366,0.7931496966183733,0.9685013408654282,1.7396827121459872,1.5082666416617512,0,0.0
4,71,376,0,2501.799186918766,0.7652752023815315,0.9348988568100155,0.9727119971803727,2.2558435453418935,0.9686382732619379,1,1.2872052720799556
4,72,565,0,2014.890644493607,0.9502078360031238,0.7682475208147248,0.9857318106549686,2.2539029706773146,0.7723396759432138,3,1.4815632947341006
4,73,903,1,1727.5167839406079,1.1082757035332123,0.7757920606570325,0.9892928615779142,1.2669365961459604,1.4056719437800336,0,0.0
4,74,1295,1,2119.7742024586973,0.9031928385893797,0.8251630700478259,0.9856890408267422,1.257289746239594,1.5662488993304453,0,0.0
4,75,1300,1,2240.5493527187637,0.8545068988388973,0.8009415792906581,0.9855581235635483,1.15481353518738,1.5809415919179959,0,0.0
4,76,415,0,1758.9706053851403,1.0884575746892602,0.9142358588459315,1.0275158357204486,3.5400180709446665,1.3846165007021345,3,1.8849458030897552
4,77,845,0,1916.575154231082,0.9989511107146336,0.7693115998120594,1.0913044323575916,2.7805180891382317,0.9719368108756877,6,1.6205487847502889
4,78,1584,1,2235.1361188462224,0.8565764129280449,0.8350255433076442,0.9884743557861171,1.2252981487713628,1.5375163887706964,0,0.0
4,79,400,0,2412.4976231853916,0.7936028042835017,0.9387736377993665,1.0515971553366892,4.782584179132478,1.038889384404413,5,3.4910093502450685
4,80,1379,1,2121.8630525852404,0.9023036980424055,0.8009092897020148,0.980715984548306,1.258709753843386,1.580879036624045,0,0.0
4,81,297,0,2296.9886284806835,0.833510821668097,0.8014899306057505,1.0102735443251578,2.790244941337752,1.1061859983524696,2,1.6840589429852826
4,82,702,0,2438.3126710586653,0.7852007258182949,0.8604330844953774,0.9713481653937971,1.482032120135928,1.7502784897779915,0,0.0
4,83,1435,1,2182.9843445418023,0.8770401326396444,0.8033178377762865,0.9970863428495864,1.1652850183171382,1.5692639502441548,0,0.0
4,84,965,1,1752.4600786073413,1.092501280034117,0.7845557404049353,0.9710724456161186,1.1937502868109016,1.3778166664249116,0,0.0
4,85,1327,1,2182.9843445418023,0.8770401326396444,0.7799493547320857,0.9849021451977764,1.1525122462681163,1.5227596112893762,0,0.0
4,86,1094,1,2223.4896030000864,0.8610631129122195,0.819152629735589,0.987275508460641,1.1764975870176104,1.5007762928369917,0,0.0
4,87,1062,1,2048.848550455318,0.9344589567939189,0.8162404712104387,0.9858836410016873,1.179060201979888,1.5774915782675336,0,0.0
4,88,574,0,1882.5078094250484,1.0170289172250242,0.8165921053362015,1.0107384949794995,2.6004621190239665,0.8917097212047289,4,1.6954927422974913
4,89,1282,1,2035.7315075590202,0.9404800544561509,0.8066963127204984,0.9917362331202778,1.2333284903054877,1.4766183724106727,0,0.0
4,90,947,1,1617.430000894509,1.1837080294222142,0.7868090971625437,0.9915471012685926,1.2599946837518505,1.3396929119090577,0,0.0
4,91,94,0,2171.9483217310303,0.8814965162528878,0.8059061751203206,1.004767908522644,2.4363553640444886,1.289599615992662,3,1.1467557480518267
4,92,166,0,1889.744789902205,1.0131340958406818,0.9390452808760635,1.0020277490722869,3.8966469905450674,1.0097142696831842,2,2.886932720861883
4,93,88,0,2051.1413348894607,0.9334144100754463,0.9005223783429154,0.9749531851236524,1.5963203426303685,1.035888401320818,2,0.5134100057356745
4,94,531,0,2107.7857977492404,0.9083299076839979,0.7624847870571392,1.0299747399655534,3.411845417221751,0.9299959455062183,5,2.4093767596477846
4,95,624,0,2605.5460720270007,0.734803694182142,0.8023412314324242,1.007823349332889,3.6275926544577493,1.1789640718949348,2,2.4486285825628142
4,96,477,0,1686.161781694856,1.135457403833915,0.8112623426635426,1.0904192282323912,5.102476875542404,0.8603234124282801,4,3.562630267671091
4,97,330,0,2251.3936719296225,0.8503909835751984,0.8882831056788153,1.0304085919267956,3.662901460743438,0.9754750420426971,5,2.6874264187007406
4,98,924,0,1618.803851176231,1.1827034372917242,0.7738950547185967,1.0769638218301014,2.697271829662293,1.066405265191706,8,1.6308665644705869
4,99,882,1,1760.5068949452127,1.087507742562287,0.7648997667343135,0.9833942640189016,1.211114462526559,1.4511012428340209,0,0.0
4,100,590,0,1860.6381213914754,1.0289829371309478,0.7758242669422116,0.9980177380390055,1.8077808808345972,1.1955759949109366,2,0.6122048859236606
4,101,1226,1,2164.9010127618667,0.884366013873636,0.8141359168802951,0.9871316527902051,1.178569360964315,1.5212528584576066,0,0.0
4,102,867,1,1733.2255497385752,1.1046253497566927,0.7841738846982436,0.976694850695718,1.2298474168033955,1.406887609731189,0,0.0
4,103,847,0,1896.590830674283,1.0094770301122546,0.7859884281452812,1.1035753467795448,7.795686649221105,0.8958174193155295,5,5.980023096758476
4,104,399,0,2463.4511032718574,0.7771880986573514,0.7762373687854903,0.988133633111798,2.157828193616413,1.3087561865751847,2,0.267412993901343
4,105,1041,1,2253.401394744975,0.8496333070317849,0.8163421056870106,0.9845366321698557,1.1862184591632945,1.5178665883440072,0,0.0
4,106,638,0,2400.7886019000575,0.7974733292102287,0.7722818784440805,1.0512293889738378,2.945991828858793,1.038827166663982,6,1.907164662194811
4,107,1443,1,2140.2977691229385,0.8945320163893686,0.8403339555185594,0.9857233481209463,1.2106535152391114,1.5711220829733703,0,0.0
4,108,1172,1,2164.9010127618667,0.884366013873636,0.8366245079601556,0.9873911475003669,1.1831070310271166,1.3980164995476314,0,0.0
4,109,597,1,1918.9201576100822,0.9977303492771178,0.7691363864931691,0.9918532285210164,1.272394512544934,1.5177484905992962,0,0.0
4,110,14,0,2155.03521112529,0.8884146621843294,0.8207752655710295,1.010287997382257,2.927425007548594,1.194975780011312,1,1.732449227537282
4,111,614,1,2206.5942563655626,0.8676560602675777,0.7696919225668603,0.9877772540011281,1.2514432887288347,1.5541228132365348,0,0.0
4,112,1121,1,2056.830803647112,0.9308324611301809,0.8210175370791957,0.9895622382277081,1.2055849858539711,1.5000743915024213,0,0.0
4,113,182,1,2139.7067277625606,0.8947791088591022,0.9475927201170392,0.967709627044633,1.0126027478768482,1.5732774891833436,0,0.0
4,114,573,0,1938.5812086482754,0.9876113884453611,0.7948019739085004,0.9760205611561903,2.2216092359288253,0.8359475067623896,1,1.3856617291664357
4,115,969,0,1906.3031469975563,1.0043339025603903,0.8235386198800799,1.0917883368640253,5.955670528672772,0.8653266935622915,7,4.711254492243049
4,116,506,0,2119.546651200785,0.9032898039788615,0.8782964472511597,1.0319157032276514,2.345769421588551,1.0008561932120992,2,1.3449132283764518
4,117,364,0,2290.908532428748,0.835722968414391,0.9014556244702895,1.0105529063064416,5.163601243350121,0.9652155010532392,2,3.406376388222195
4,118,509,0,2161.1991913514303,0.8858808048553837,0.8093511483711235,1.038531912757832,3.0397516923891343,0.8869340824778313,4,1.177255326231998
4,119,1036,1,2204.37261623374,0.868530512939469,0.8397178215786796,0.9836353065627782,1.2624891501419744,1.4568292837084835,0,0.0
4,120,794,0,2392.0433842034035,0.8003888607249473,0.7927230204007096,1.012131522657082,5.097199375883578,1.1557164179411963,5,3.3539171851612553
4,121,1375,1,2215.834172117544,0.8640379786442101,0.8333934803322974,0.9883069847842085,1.1693934463789093,1.4875745891000436,0,0.0
4,122,691,1,2306.5449491112413,0.830057476150608,0.8679250348576817,0.9496843112498252,1.2242952603956905,1.7265355369950288,0,0.0
4,123,1240,1,2056.356087140899,0.9310473468382452,0.8419376384699444,0.9945262176921229,1.2005818805940833,1.4613489044810934,0,0.0
4,124,177,0,2158.5914098512335,0.8869510322100087,0.8711493136748941,1.018712394009963,1.91519607348457,1.3484013317504202,2,0.5052910644148063
4,125,762,0,2220.586013639686,0.8621890200727295,0.7627541016562847,0.9851038140872449,2.205048536275988,0.9007283322838947,2,1.3043202039920936
4,126,1498,1,2156.7464363460745,0.8877097682056843,0.8491076090977103,0.9974639099292678,1.2254567853936649,1.460540752638048,0,0.0
4,127,1284,1,2056.830803647112,0.9308324611301809,0.8457670598821055,0.9880422479750169,1.2015739583167508,1.45078615586937,0,0.0
4,128,593,0,1872.5101213469416,1.022459028264166,0.8347631930999109,1.0010012471666971,2.795647668777559,1.466830400375765,1,1.2747765262094333
4,129,634,1,2394.9752127807897,0.7994090581272535,0.8663311118750953,0.9409383196192609,1.1492697779112635,1.6902541847044634,0,0.0
4,130,337,0,2103.2061915491877,0.9103077419513357,0.9459606115662696,0.9802468978808812,2.6805403276230098,0.9598241192620244,1,1.7207162083609853
4,131,396,0,2390.635401749296,0.8008602556819279,0.8463837882341917,1.0039956297630828,3.822331983982404,0.9703468600746527,3,2.8519851239077516
4,132,556,1,1941.3345683516548,0.9862106770770713,0.800347900726219,0.9944195854468683,1.2433972426471562,1.4701676206490668,0,0.0
4,133,533,0,2009.5339439767424,0.9527407510710691,0.7760549070247287,1.025541209021096,2.609269691576479,1.2221493135525248,3,1.3467415208479236
4,134,1312,1,2253.401394744975,0.8496333070317849,0.8476998147986269,0.9870637944220423,1.1278351654676604,1.5929112274565151,0,0.0
4,135,52,0,2063.9538278355844,0.9276200142010758,0.9396539539794401,1.0142556547084671,4.434168087494946,0.9557885643911896,3,3.478379523103756
4,136,439,0,1922.0767824075153,0.9960917777119721,0.899876830805986,0.9925953441676044,2.357583917717419,0.9353165344687742,3,1.4222673832486448
4,137,536,1,2217.445096129827,0.863410274477035,0.7806685605360367,0.9859440651680932,1.2063143778228596,1.3728228842121208,0,0.0
4,138,217,0,2633.438748102044,0.7270208507667258,0.7627323554024668,1.0684452943849818,5.736241384377512,0.8852062286489782,3,3.824662032785511
4,139,353,0,2275.0677681070965,0.8415419118174959,0.9510195496860603,1.0030175967297996,5.611224808139045,1.035489721519244,1,4.575735086619801
4,140,566,0,1906.6229442140623,1.00416544597727,0.7759836747808196,0.9908048514860971,2.6327991884666897,0.8655134458955013,4,1.7672857425711883
4,141,737,0,2148.5685357013044,0.8910885770103141,0.8543198596660487,0.9716460517593382,1.309915214882428,1.7364011074552446,0,0.0
4,142,1099,1,2187.981315244149,0.875037124745085,0.8175654709365731,0.9839852979996239,1.161950310707066,1.4559575542565548,0,0.0
4,143,1065,1,2035.7315075590202,0.9404800544561509,0.7890453573700661,0.9929094858997964,1.1542063571703283,1.5550495822338535,0,0.0
4,144,454,0,1834.1458288494157,1.0438455050699222,0.7872782439185013,1.0420386922642153,4.022279599014156,1.0795982536819309,6,1.939931643433808
4,145,120,0,1965.1955816135526,0.9742363035007578,0.9234001851742747,0.9913762236137275,3.3781459402173946,1.1614550724287496,2,2.0724256762878204
4,146,1567,1,2144.291572647627,0.8928659252823687,0.8390200040992721,0.9932441879170604,1.1852255813590646,1.4580685196637508,0,0.0
4,147,592,0,1941.1021655074999,0.9863287533794739,0.8017112999672948,1.0163579829519225,2.5538380769580007,1.0330847252213058,3,0.9737887933932265
4,148,1125,1,2182.934273675238,0.877060249672018,0.7818676707012231,0.9960205122375468,1.17368303039632,1.5012533663972831,0,0.0
4,149,822,1,2308.6907714063045,0.8292859757571521,0.8546049265902261,0.9383799014812737,1.1753101551965761,1.6904432028825842,0,0.0
4,150,40,0,2268.6944660522754,0.8439060030938048,0.8302210867587548,1.0081888631159344,2.3891886819103156,0.9346169450265247,2,1.454571736883791
4,151,136,0,1945.3074264459206,0.98419656094416,0.9415282988834728,0.9821017445545505,2.306964348644169,0.9618500715865951,2,1.345114277057574
4,152,184,1,2255.3064908661286,0.8489156071873583,0.9561411340214808,0.9672173749436015,0.9888743109369631,1.532328544850823,0,0.0
4,153,317,0,2179.23836738252,0.8785477108623002,0.9280328656074152,0.9734393978201292,2.392982617120303,0.9940099350956417,1,1.398972682024661
4,154,980,0,1746.789219519399,1.0960480278290081,0.8076783025358952,1.1045058491907698,6.78633460803294,1.2248800320375455,5,5.408649871218669
4,155,811,0,2563.072353809735,0.7469804261441985,0.8593699737925428,0.945325245703767,1.4405206851768257,1.638141651635924,0,0.0
4,156,1477,1,2235.1361188462224,0.8565764129280449,0.8659164498102626,0.9926172564357759,1.1567886273304848,1.5104834689004523,0,0.0
4,157,211,0,2325.070648615851,0.8234437436242973,0.897532671502719,0.983058121781792,3.3217270655944873,0.9762147762468367,1,2.3455122893476505
4,158,621,0,2454.325740249301,0.7800777409818207,0.7849011855893946,0.9808302547462511,2.5740578303669213,1.0470321609958235,2,1.1728857823551142
4,159,483,0,1666.9360698827857,1.1485532730849337,0.9078278476859166,1.1331852646122254,5.073298994178365,0.8846185412044909,17,3.19053868164367
5,0,1010,1,2164.9010127618667,0.884366013873636,0.8249045956648026,0.9888226678852978,1.2230096222910953,1.4602766889140146,0,0.0
5,1,67,0,2164.762644879674,0.8844225410188693,0.7958029022812327,0.9995396933804616,2.6636549563690926,1.4581161386291757,1,0.31896585666459254
5,2,1307,1,2204.37261623374,0.868530512939469,0.8136110086596035,0.9758810187089606,1.1631693832629002,1.5412651816674063,0,0.0
5,3,114,0,1969.577607990082,0.9720687681055573,0.9312420068601761,0.9751828007438428,1.5935104173576897,1.110951886487551,1,0.4825585308701388
5,4,1531,1,2227.5759583268177,0.8594835439529892,0.8628400169378865,0.9988554636029084,1.2287509748052619,1.3691209348837061,0,0.0
5,5,863,1,1851.409925162178,1.0341118155772548,0.8117312999837109,0.9908975661059409,1.202036272675809,1.4594749211093998,0,0.0
5,6,1333,1,2177.456625248296,0.879266597959852,0.8594983784763454,0.999092917232864,1.2153226823006618,1.4541527597425898,0,0.0
5,7,933,1,1591.3003954392332,1.2031448522067063,0.7703711258064394,0.9840449339272831,1.2124508494426227,1.4365662576982088,0,0.0
5,8,512,1,2085.475706026942,0.9180470784455521,0.7770120405453113,0.9847705242741339,1.2059351834122183,1.5295975922606309,0,0.0
5,9,704,0,2352.541958263424,0.8138281539941093,0.7752817956488062,1.027092770099392,3.1523835801681783,1.1607475932426914,4,1.8842664288890194
5,10,1216,1,2235.0930866154295,0.8565929045874365,0.7537132549524077,0.9860392766520566,1.1952711358743253,1.5515110560592391,0,0.0
5,11,486,0,1819.1130407829937,1.052471636541691,0.9320193752357648,1.0959600418540245,4.73241223631044,0.9762298000380429,10,3.5742111930070504
5,12,65,0,2065.122335148092,0.9270951393540151,0.8431996057483389,1.0346021223671502,2.836199446658312,0.7983764039252308,4,1.9063525865761846
5,13,831,1,1950.4105218830982,0.9816214881976334,0.7880750074991839,0.99262303341212,1.2723227357725762,1.3568450516373198,0,0.0
5,14,1092,1,2252.7956093010575,0.8498617767109435,0.8277073601770151,0.986933059708205,1.201356185662795,1.5778659808097926,0,0.0
5,15,1230,1,2056.830803647112,0.9308324611301809,0.8389270603433249,0.988713947681054,1.1474317668883494,1.5217903935391772,0,0.0
5,16,165,0,1825.6434913458527,1.0487068741311616,0.8222206415492532,0.9888699547631934,2.1198527564483287,0.8873508711971809,1,1.2325018852511478
5,17,99,0,2023.2746412199679,0.9462703876586868,0.8162062085658963,1.001827554186563,2.104281991491578,1.1639023305555505,2,0.405929872946279
5,18,330,0,2251.3936719296225,0.8503909835751984,0.8882831056788153,1.0304085919267956,3.662901460743438,0.9754750420426971,5,2.6874264187007406
5,19,990,0,1799.6469127639346,1.0638558405586247,0.7890057411650334,1.0319105948715221,1.9387993388439577,0.9506246413332264,5,0.8010873618763981
5,20,633,0,2554.8224436975793,0.7493925395129499,0.7868323553957777,1.002650373790114,2.5323561532182497,0.9877744440707904,3,1.5445817091474594
5,21,1411,1,2269.5857144130537,0.8435746078805146,0.816951364210374,0.9865982286970815,1.1800400800039654,1.5210402934786527,0,0.0
5,22,304,0,2280.030766809382,0.8397101069677247,0.7695494042367474,1.0554419445724852,6.166935809362774,1.4153412551602658,3,4.751594554202508
5,23,1283,1,2072.434685576266,0.9238239894420803,0.8103795791678712,0.9934276247113741,1.2109130245895938,1.470703843894357,0,0.0
5,24,160,0,1843.763114372047,1.0384006839941997,0.9192429163108579,0.9717967251559017,1.2735421480568154,1.1683060233337839,1,0.10523612472303157
5,25,363,0,2290.908532428748,0.835722968414391,0.7701376792221677,1.0427227275715543,5.252261080372799,1.3908143376048847,3,3.381455302216569
5,26,627,0,2577.1975683471405,0.7428863439115754,0.8021464956390821,1.0052561998984588,2.5543358084230903,1.725143884794388,2,0.29725830628551453
5,27,648,0,2750.4032515973936,0.6961033361108988,0.8676694595616176,0.982834516897384,1.978441457281536,1.4414664238924417,1,0.5369750333890944
5,28,1404,1,2100.1563397624705,0.911629692913123,0.8070970959497497,0.9977648322329635,1.184830708864732,1.3820194737034406,0,0.0
5,29,639,1,2404.6872183568294,0.7961804198366679,0.8630949078024506,0.9714199238703967,1.2523705509676895,1.6740195918167133,0,0.0
5,30,188,0,2127.9712186244615,0.8997137096265806,0.8994724333298255,1.0171444897885866,1.3053367466081063,1.4370732019723744,0,0.0
5,31,1116,1,2048.848550455318,0.9344589567939189,0.8383953700516169,0.9946947264071863,1.178776121108636,1.4455839592114605,0,0.0
5,32,1438,1,2095.2420488637567,0.9137678771411981,0.8157425904774587,0.9815432482396427,1.1918217719852975,1.4553513660040163,0,0.0
5,33,564,1,2014.890644493607,0.9502078360031238,0.768340145774267,0.9854132363709451,1.2552468166943886,1.522562944147308,0,0.0
5,34,696,0,2340.8064692806684,0.8179082312924215,0.8651312616040631,0.9696901273055891,1.6273452859086692,1.4986217787074712,1,0.12872350720119807
5,35,303,0,2438.3126710586653,0.7852007258182949,0.8674715931618555,0.9947781090384363,4.026548959944114,0.9773233978923864,2,3.0242568411709168
5,36,742,0,2193.2998211114214,0.8729152579409015,0.8674868758174851,0.9858136693991134,1.4482835101808256,1.5762405461107416,0,0.0
5,37,1250,1,2221.7593242997464,0.8617336982216297,0.7967032945771793,0.9920378813606917,1.1700118587890154,1.5726210664335873,0,0.0
5,38,1050,1,2163.633898161467,0.8848839356390642,0.8100244346372969,0.986437693490942,1.1751467357779273,1.497573354161662,0,0.0
5,39,697,0,2411.535383802016,0.7939194639013403,0.7894737223167929,1.0356838072126784,3.584336038711723,0.9876968686827364,3,2.1363794201879163
5,40,426,0,1746.460170254051,1.0962545334250051,0.8658950131313126,1.0067797574925832,3.1066724337498393,0.9810038216406711,4,2.125668612109168
5,41,186,0,2282.085727144089,0.8389539693073612,0.9153459866117301,1.0216992157013105,1.5979687734572563,1.4171607009765514,0,0.0
5,42,886,1,1779.9843841893382,1.075607682906254,0.7936271077084605,0.9865734788532919,1.213625878980367,1.3221495005836776,0,0.0
5,43,75,0,2323.7282239851584,0.8239194494973082,0.9349395759389032,0.9823974366421246,2.26866621031112,0.9926253420403017,1,1.2760408682708184
5,44,605,1,1788.0380420368313,1.0707629446777576,0.777490847911518,0.9767803424970416,1.2312386464612555,1.4395471177462391,0,0.0
5,45,752,0,2219.0840584757875,0.8627725803240901,0.7871837314551811,0.9934562952631314,2.0237652790739333,1.6512347291412592,2,0.32533085027943254
5,46,1207,1,2187.580158716801,0.8751975882841533,0.8533379250795501,0.9862028402219343,1.1659423054735154,1.4751358508595531,0,0.0
5,47,221,0,2524.1584534159524,0.7584963125021815,0.7932109905036745,1.0755869756739926,4.414373426880373,0.9669041488782553,4,3.025050435419146
5,48,947,1,1617.430000894509,1.1837080294222142,0.7868090971625437,0.9915471012685926,1.2599946837518505,1.3396929119090577,0,0.0
5,49,513,0,1945.2133554751158,0.9842441569190128,0.8193109703062953,1.0213373697035542,3.3190367918004804,0.9396637138223672,4,2.3020877525784753
5,50,1074,1,2173.677128952281,0.8807954289007199,0.7987467011041759,0.9893292252740898,1.1974355300425805,1.5161598469444462,0,0.0
5,51,726,0,2198.4624673291155,0.8708653923090123,0.7745270327944321,1.0144038805319828,2.382858079953748,1.0681499294549524,5,0.9476096307430806
5,52,1049,1,2178.1392070977954,0.8789910547720323,0.8209991270250273,0.9768117569535754,1.1946495458450994,1.45410016400191,0,0.0
5,53,705,1,2388.4390914630203,0.8015966938116297,0.8637947122933765,0.9497896620636491,1.181204649070328,1.6170887915367251,0,0.0
5,54,946,0,1575.1566478690818,1.2154758586565275,0.7857940948074589,1.0473102228746227,1.8238733794496305,1.0468835991758394,4,0.5169649246186874
5,55,503,0,2241.8164249920637,0.8540239324430802,0.7655319451124928,1.001322574174861,1.9363534461343814,1.0237897172862234,1,0.9125637288481581
5,56,243,0,2729.8645787361165,0.7013406064170488,0.8374811770432136,1.0420303324711329,4.757877519900693,0.8444325825359407,3,3.6488737395023136
5,57,402,0,2458.2826077991213,0.7788221228157745,0.7678166697591379,1.008082497938729,5.07630814966454,1.2935345820337667,4,3.070676996140371
5,58,1277,1,2156.7598088580808,0.8877042641576747,0.8255902820500421,0.981599436335766,1.1799892140039645,1.5411526029775822,0,0.0
5,59,370,0,2342.416341301911,0.817346107662098,0.762822688903443,1.0101491560351588,2.959622936621677,0.9215449835180511,4,2.0380779531036257
5,60,1521,1,2167.9173645349224,0.8831355430828131,0.8301273171668465,0.9905144585586675,1.1442410238229335,1.5352322199634574,0,0.0
5,61,95,0,2131.3980814054235,0.8982671495250497,0.9185273576096529,0.9741453907406621,1.730659010262142,1.040303697524998,1,0.690355312737144
5,62,927,1,1657.3377928105836,1.1552049843987502,0.7601583147041963,0.984790236723051,1.2181593123450707,1.3509454022048888,0,0.0
5,63,18,0,2036.9835848149487,0.9399019674776317,0.7999100039948969,1.0217312322821424,2.655433150885868,0.8199413362286119,3,1.357753044967341
5,64,1184,1,2023.912250503832,0.9459722765206833,0.7953107953048031,0.9936236219597533,1.2122625045574333,1.4569103224060391,0,0.0
5,65,770,0,2300.5556873162045,0.8322184460228014,0.853615035601494,0.9537746669387698,1.4011791545643018,1.538212706671133,0,0.0
5,66,749,0,2247.0686397612517,0.8520277686268763,0.854084950934276,0.9738636341114999,1.4563887535838795,1.604759143153145,0,0.0
5,67,857,0,1722.6369513004877,1.111415192645106,0.7648565445623385,1.0625587904176959,4.298511903343416,1.0205131594193322,4,3.2779987439240834
5,68,1124,1,2109.704398471439,0.9075038571632994,0.8011956056200666,1.002158380039588,1.1711359955363823,1.4815623460969534,0,0.0
5,69,37,0,2223.4194193421977,0.8610902929208186,0.8720563293440681,1.0018410645307048,4.940901169849179,1.0450147201663817,2,3.8958864496827976
5,70,827,0,1942.9013226600312,0.985415397456199,0.771488700456075,1.0638239304338848,2.6832076885575007,0.8969037652256318,4,1.5524151135779587
5,71,732,0,2135.7973855215564,0.8964169036191967,0.7955816153240086,1.0269327982303957,4.402903444921049,1.0925948932678418,3,2.8617819326118497
5,72,46,1,2161.1484976882157,0.8859015847986489,0.8677182069844233,0.9698009782827886,1.0147404387093553,1.4469803067538063,0,0.0
5,73,524,1,2165.4133604000776,0.8841567684488093,0.766056844406172,0.9783951078590881,1.2202174322929455,1.5372922786413323,0,0.0
5,74,116,0,2149.7844885339764,0.8905845629172008,0.8811088089271736,1.0129924813730629,2.4734071771234643,0.7733773852683252,2,1.700029791855139
5,75,360,0,2404.744219926491,0.7961615473373441,0.9325562424382786,1.0154839281394317,5.135917908962343,0.9837583098373701,2,3.765249662387649
5,76,1443,1,2140.2977691229385,0.8945320163893686,0.8403339555185594,0.9857233481209463,1.2106535152391114,1.5711220829733703,0,0.0
5,77,967,1,1834.1458288494157,1.0438455050699222,0.7590519947779496,0.9736156052361364,1.243857731875395,1.3861991214093656,0,0.0
5,78,985,0,1878.440184819353,1.019231218837735,0.8283969911436307,1.0331581894239805,1.5659073631974307,1.1373359378636356,3,0.3849893819699206
5,79,378,0,2426.1787271178573,0.7891277166384144,0.8243876600478686,1.0048693401647828,3.673311650479543,0.9421091462578588,3,2.6813096451039407
5,80,646,0,2663.8931907728497,0.7187093257788444,0.8528483369360267,0.9750641244088295,1.393344346150638,1.7268668454359235,0,0.0
5,81,1426,1,2307.534510015996,0.82970151509194,0.8238161310472683,0.9848590592617079,1.1745175532123995,1.5631558196504938,0,0.0
5,82,984,1,1878.440184819353,1.019231218837735,0.7699401543697693,0.9953476487454381,1.2303968089605775,1.3666481380671227,0,0.0
5,83,626,0,2577.1975683471405,0.7428863439115754,0.8626783793438508,0.9707402799255882,1.4844938080008105,1.7836892710420018,0,0.0
5,84,727,0,2269.56891489151,0.8435808520838547,0.8635423702689052,0.9785159805894476,1.7794269144074673,1.5873264724884262,0,0.0
5,85,634,1,2394.9752127807897,0.7994090581272535,0.8663311118750953,0.9409383196192609,1.1492697779112635,1.6902541847044634,0,0.0
5,86,135,0,2266.1050446780932,0.8448703133085249,0.9368576227973153,0.9710679397243949,1.2912309751478313,1.206647527837863,1,0.08458344730996825
5,87,692,0,2421.2348143885197,0.7907390343595116,0.8669286032894735,0.9812038848679684,1.783300723538473,1.1985262748087628,2,0.5847744487297102
5,88,1449,1,2187.737818954701,0.87513451680512,0.8373760879995719,0.9938478925643206,1.2015024079276975,1.5180380081200684,0,0.0
5,89,1543,1,2181.104323923233,0.8777961045180135,0.7805030609083271,0.9785863451350278,1.1849294018984722,1.4131065431470535,0,0.0
5,90,1220,1,2148.7824377290967,0.8909998729841557,0.8286178249042292,0.9898270810603794,1.184012756640101,1.462386992910865,0,0.0
5,91,6,1,1914.5695084056845,0.9999975820577656,0.834610915681595,1.0144865389806288,1.1992181340598358,1.4885426080281032,0,0.0
5,92,1200,1,2342.50919252498,0.8173137101005392,0.8570319127880413,1.003462158341042,1.2071685163531432,1.3581409585541973,0,0.0
5,93,1235,1,2202.9235132966005,0.8691018401370314,0.8118606644344679,0.9940016420399655,1.161148614803473,1.449730599392713,0,0.0
5,94,617,1,2082.147707420971,0.9195144380312306,0.7672211748057841,0.9770228511376741,1.229077238114914,1.4495173671806103,0,0.0
5,95,679,0,2460.5215223310415,0.7781134453452757,0.8608955965064785,0.9723812873489508,1.7521861715427016,1.799957197036616,0,0.0
5,96,133,1,1985.2188300330001,0.964409993559946,0.9027983718631611,0.970963537696002,1.0652488445716262,1.3050796423781839,0,0.0
5,97,540,0,2085.2786346570824,0.9181338394147283,0.7806100362108543,0.9971569986602651,2.900706356539892,0.9618998588707994,2,1.9388064976690924
5,98,298,0,2252.1515896660503,0.8501048010587519,0.9072002325222254,1.0286536024623585,5.983950415534749,1.013521614230191,2,4.303737806686054
5,99,1549,1,2120.5580098448027,0.9028589975840042,0.8333012802508926,0.9866296663103891,1.1825469568413585,1.4152496350748458,0,0.0
5,100,849,0,1857.218000943782,1.0308778388505202,0.7719656377864891,1.0661979089925098,2.7806573859218084,1.1038683572783075,4,1.6453846606516078
5,101,739,0,2215.2268735314224,0.864274852369902,0.788955290179454,0.9995599370794551,1.784491349533462,1.34524271063051,1,0.21981627158559403
5,102,44,0,2079.0655883598884,0.9208775758717412,0.9474634394867165,1.0043880344084535,3.1537628375898157,0.9866838715587583,3,1.3696471270377628
5,103,611,1,2255.3064908661286,0.8489156071873583,0.7598774935352833,0.962887902421466,1.1870672814419958,1.417571171904284,0,0.0
5,104,784,0,2330.8242206364703,0.8214110966138861,0.7621158489069197,0.9701746908136024,2.1782179738724476,0.8949396232833633,1,1.2832783505890843
5,105,403,0,2339.307243015455,0.8184324161794427,0.7710333210971403,0.9954864982744224,5.035674094825013,1.4442750245792915,1,3.0432789968024636
5,106,1588,1,2325.865603560086,0.8231622997290474,0.8588295988498384,0.9873812939930358,1.1942392758719922,1.4523517961396188,0,0.0
5,107,1564,1,2191.022441064146,0.8738225785388738,0.780319282956426,0.9854697496826426,1.2125918120374097,1.5073378899362926,0,0.0
5,108,419,0,1742.3702180979076,1.0988278261420708,0.8270687701017724,1.0716287196575087,7.475717951648411,0.9656363638867381,8,6.417132707008653
5,109,1281,1,2165.1820757107675,0.8842512140503067,0.7651234893951834,0.9906575890372096,1.1354627807610176,1.451669801480607,0,0.0
5,110,1388,1,2120.5580098448027,0.9028589975840042,0.8049874018516586,0.9749589429351784,1.1910433350662792,1.5144114921351801,0,0.0
5,111,1104,1,2163.633898161467,0.8848839356390642,0.7752366819174429,0.9881352548628586,1.1634397722402754,1.4880191180266442,0,0.0
5,112,407,1,2556.4722911381673,0.7489089108158594,0.9373917515193686,0.9632903642244263,1.0329109760455388,1.662041371618029,0,0.0
5,113,642,1,2281.667198480654,0.8391078595345126,0.8451423429806331,0.9555325131113177,1.2738611862673372,1.6472201974409266,0,0.0
5,114,592,0,1941.1021655074999,0.9863287533794739,0.8017112999672948,1.0163579829519225,2.5538380769580007,1.0330847252213058,3,0.9737887933932265
5,115,340,0,2144.3229721878874,0.8928528509554454,0.774417848610618,1.031705681164313,4.837051683292415,1.0080617065131083,3,3.0014216506888785
5,116,339,0,2129.8447399288652,0.8989222750345428,0.7879946143570751,1.0183108879143317,1.9987430635550651,1.2387606966901683,2,0.2569746633560259
5,117,441,0,1881.4794524397637,1.0175847929694597,0.8130045149727871,1.1210114413451109,6.213397419092592,0.8086611149482665,8,3.3694729351810633
5,118,428,0,1809.3204676600005,1.0581679217741464,0.9471407567186023,1.0547489498510974,2.0998080091392857,1.0949392013004189,3,0.5811036417706734
5,119,10,0,1959.4130224623984,0.9771114395683518,0.8100471598669675,0.9751617782105113,2.170817290067296,1.0811450455457687,1,1.0896722445215272
5,120,3,1,1914.5695084056845,0.9999975820577656,0.7812146994889888,1.0020696953405355,1.1583136083487695,1.51205734738868,0,0.0
5,121,270,0,2286.1467212984803,0.8374636943685659,0.7805399713931683,1.0760673400839145,3.8783067496244805,0.8390289341656512,5,2.7285263722904816
5,122,259,0,2393.960806710237,0.7997477960878524,0.7893239533487811,1.042254827594451,3.33958198884475,1.4994972873135834,3,1.7268376852269036
5,123,911,1,1585.6744210170377,1.2074136113384641,0.8145798915807706,0.992254444162181,1.1978093975852468,1.3119337617053428,0,0.0
5,124,1264,1,2171.719450718879,0.8815894145320903,0.8250390804460186,0.9955038428740409,1.177250566393736,1.4641283500437905,0,0.0
5,125,1265,1,2137.398718423918,0.8957453106825933,0.8316226447876757,0.9871363327881807,1.2093859042951962,1.5484728888372308,0,0.0
5,126,284,0,2306.5449491112413,0.830057476150608,0.7831024686997151,1.1372428181267566,7.390306131928298,0.976790621603238,6,5.715846988927004
5,127,147,0,1844.9808138210421,1.0377153327259026,0.7972699059623641,1.0162776317253284,3.645866450696913,0.9917878975484902,2,2.654078553148423
5,128,1560,1,2056.7637096498584,0.9308628259554148,0.8342561932660151,0.9974104173290658,1.2451246131151708,1.4206154585628168,0,0.0
5,129,326,0,2105.380958478146,0.9093674336596708,0.7657043792265207,1.0208784228026264,2.7608827795982296,1.017714284609362,4,1.234011925150599
5,130,797,0,2337.919529451452,0.8189182112424653,0.8666456856500357,0.94954448074215,1.8111077681227739,1.4498896705642632,1,0.36121809755851064
5,131,372,0,2626.296832195108,0.7289979013861051,0.941273248931082,1.0000135862383313,5.405013811490469,0.9638201604434489,1,4.44119365104702
5,132,572,0,1953.63913516776,0.9799992458294018,0.7815798371709863,0.9628442688882726,1.35946680913406,1.5192297104244934,0,0.0
5,133,835,1,1780.989293236795,1.075000779823697,0.8036260282314281,0.9687992754642145,1.2107034689386875,1.394039509215584,0,0.0
5,134,443,0,1881.4794524397637,1.0175847929694597,0.9513039471806722,1.0800871749641237,6.420322392542576,0.957731171791073,5,3.4539845877682045
5,135,1497,1,2168.3721917105277,0.8829503008784201,0.7815269195699118,0.9955430868648202,1.1953081805766825,1.525792725994516,0,0.0
5,136,26,0,2143.6955152810465,0.8931141878310097,0.808050007245207,1.0234799821352065,2.483210896059097,1.0929006833124992,4,0.7017667049088141
5,137,1582,1,2185.521146472357,0.8760221250558489,0.8488409929597218,0.9951988957588801,1.196092667933841,1.4502778958876033,0,0.0
5,138,1175,1,2072.434685576266,0.9238239894420803,0.7854988356380973,0.9930341532999154,1.1617786133372585,1.5793838175419512,0,0.0
5,139,208,0,2385.4594787904,0.8025979464794899,0.8090693735412724,1.1313627935182489,8.486557624817271,1.0462358851413642,7,6.193220379237722
5,140,1113,1,2062.7597990623976,0.9281569671647913,0.8233378372150232,0.9791418355218071,1.1370637500075609,1.5341897078324596,0,0.0
5,141,779,0,2501.8571857195557,0.7652574615431392,0.845666800330801,0.9550727578250752,1.5122163813088103,1.5994149499816062,0,0.0
5,142,504,0,2049.350268325211,0.934230184404664,0.7695993781438106,1.0089839033864978,3.24272072153923,0.9631672922468653,2,2.2795534292923647
5,143,960,1,1560.9612163928764,1.2265294351844647,0.8111648953237931,0.9905256203893784,1.1642385448929018,1.3523832968414082,0,0.0
5,144,761,0,2168.6142489624517,0.8828517473788668,0.7810157290897961,0.9698364937997175,1.8434701213344722,1.5833060425426013,0,0.0
5,145,231,0,2565.1964422227297,0.7463618955545754,0.948006295425713,1.0430615605208275,5.08654279141509,0.9186821925701846,5,4.085496670925502
5,146,321,0,2285.6567053724475,0.8376432360060964,0.9131548562190713,1.0519563600805704,6.100690398174485,0.9117248883612913,5,5.101618155766972
5,147,106,0,2028.9913525889951,0.943604257674249,0.7851589730785231,1.0593177616257805,10.421149497654268,1.461676452644398,2,8.853554712166863
5,148,1329,1,2060.9907016646607,0.9289536714264731,0.7646091242050039,0.9957857908742923,1.215345791727307,1.5065359167752113,0,0.0
5,149,510,0,2158.3926257545836,0.887032718812162,0.7836964103743224,1.0329711477671741,2.6085681837474475,1.1168327932188886,3,0.9514992295555202
5,150,953,1,1564.5316372367602,1.2237303698560358,0.7675242358543011,0.9862395595043965,1.2749963500476924,1.3599886330125726,0,0.0
5,151,59,0,2227.4080944601674,0.8595483170995757,0.84860744591576,1.0646429119745784,4.870010165598696,1.0099198227551518,5,3.1144562617972533
5,152,1085,1,2284.5270064810406,0.8380574506914232,0.8349835445617301,0.9886001451139166,1.1808785287027574,1.523703208689444,0,0.0
5,153,1335,1,2140.2977691229385,0.8945320163893686,0.8352337004440168,0.9930417174865442,1.1555678727505223,1.5412277457640218,0,0.0
5,154,1515,1,2123.328379816048,0.9016810104770868,0.8146523465131978,0.9865117103437108,1.1898041738032223,1.4830404591557864,0,0.0
5,155,1414,1,2167.9173645349224,0.8831355430828131,0.8313875604285954,0.9910068228061668,1.1847631025616159,1.4955284996950142,0,0.0
5,156,734,0,2595.180199581993,0.7377387047710944,0.7796590814750485,0.9548865957053583,2.3021401293467023,1.6161728441103245,1,0.46922320820961705
5,157,1519,1,2109.7152227175684,0.9074992010632688,0.8079272434684258,0.993552072901964,1.202770532900598,1.4573488614171637,0,0.0
5,158,523,0,2035.200770705124,0.940725311549426,0.7955399147311084,1.0138016680634714,3.128629287860265,1.3135948161726558,2,1.8006761626916663
5,159,1275,1,2161.7114331163066,0.8856708854646651,0.8477364742239689,0.9970057508054144,1.190591099755837,1.4960317092326731,0,0.0
